publishedAt,title,description,thumbnailurl
2017-06-14T16:00:09.000Z,The Best Chewy Chocolate Chip Cookies,"Check out the Tasty One-Stop Shop for cookbooks, aprons, hats, and more at TastyShop.com: http://bit.ly/2mEBY0e Super soft, chewy, and studded with ...",https://i.ytimg.com/vi/3vUtRRZG0xY/default.jpg
2018-02-28T17:00:42.000Z,The Original Orange Chicken by Panda Express,Reserve the One Top: http://bit.ly/2v0iast Get the recipe: https://tasty.co/recipe/original-orange-chicken-by-panda-express Buy the Tasty Cookbook Today: ...,https://i.ytimg.com/vi/5Sa9nYKiYg0/default.jpg
2016-10-27T01:00:00.000Z,How To Cook With Cast Iron,This guide will make cooking with cast iron a breeze! Check us out on Facebook! - facebook.com/buzzfeedtasty MUSIC Promenade En Provence Licensed via ...,https://i.ytimg.com/vi/KLGSLCaksdY/default.jpg
2017-02-02T17:00:23.000Z,Jiggly Fluffy Japanese Cheesecake,Customize & buy the Tasty Cookbook here: http://bzfd.it/2fpfeu5 Here is what you'll need! Fluffy Jiggly Japanese Cheesecake Servings: 6-8 INGREDIENTS ⅔ ...,https://i.ytimg.com/vi/TeoS_fQWvkY/default.jpg
2018-07-22T16:00:19.000Z,The Most Fool-Proof Macarons You'll Ever Make,https://www.buzzfeed.com/marietelling/how-to-make-macarons?utm_term=.kkgkRxLmw#.ae7RewPg4 Get the recipe! - https://tasty.co/recipe/macarons Shop the ...,https://i.ytimg.com/vi/MjVgIXccYXA/default.jpg
2016-05-31T18:00:00.000Z,Puff Pastry 4 Ways,Here is what you'll need! RECIPE: Cream Cheese Filling INGREDIENTS 1 8-ounce block cream cheese ¼ cup granulated sugar ½ teaspoon vanilla extract ...,https://i.ytimg.com/vi/3_Pp9fwLkBY/default.jpg
2018-02-02T17:00:15.000Z,Galaxy Mirror Glaze Cake: Behind Tasty,Reserve the One Top: http://bit.ly/2v0iast Check us out on Facebook! - facebook.com/buzzfeedtasty Credits: https://www.buzzfeed.com/bfmp/videos/43071 ...,https://i.ytimg.com/vi/zS5-hxARjJo/default.jpg
2016-12-10T17:00:01.000Z,Chocolate Crepe Cake,Customize & buy the Tasty Cookbook here: http://bzfd.it/2fpfeu5 Here is what you'll need! MILLE CREPE CAKE Servings: 8 INGREDIENTS Crepes 6 ...,https://i.ytimg.com/vi/P-Kq9edwyDs/default.jpg
2017-11-04T22:00:36.000Z,How Mozzarella Is Made,Reserve the One Top: http://bit.ly/2v0iast Credits: FB: https://www.facebook.com/CasaDellaMozzarella/ IG: https://www.instagram.com/casadellamozzarella/ ...,https://i.ytimg.com/vi/pU_VoyWfLfY/default.jpg
2016-06-03T22:00:00.000Z,Crepes 4 Ways,"Here is what you'll need! Servings: 20-25 crepes CREPE INGREDIENTS 2 cups flour 3 eggs ¼ cup butter, melted 3 tablespoons granulated sugar 3 cups milk ...",https://i.ytimg.com/vi/RLHjdhP7waU/default.jpg
2017-05-22T22:00:19.000Z,Mirror Glaze Cake,"Check out the Tasty One-Stop Shop for cookbooks, aprons, hats, and more at TastyShop.com: http://bit.ly/2mEBY0e Inspired by ...",https://i.ytimg.com/vi/4W4HWChrVaI/default.jpg
2016-05-15T21:00:01.000Z,Cookies & Cream Puffs,Here is what you'll need! Servings: 15-20 Ingredients 25 chocolate sandwich cookies 2 egg yolks 2 cups half & half ¼ cup granulated sugar ¼ cup cornstarch 1 ...,https://i.ytimg.com/vi/0zyz0ktjUrI/default.jpg
2017-06-19T16:20:10.000Z,Tasty Cook-Off: Burgers,"PUB BURGER WITH CARAMELIZED ONIONS AND BACON Servings: 1 INGREDIENTS 2 slices bacon 1 sweet onion, sliced thinly 1 tablespoon balsamic ...",https://i.ytimg.com/vi/ko_XULzxKco/default.jpg
2018-08-09T19:00:45.000Z,We Tried To Make A Zero Waste Chocolate Cake • Goodful,For more health and sustainability content subscribe to Goodful! -https://www.youtube.com/goodful Follow Alix on Instagram! @majortraeger Special thanks to ...,https://i.ytimg.com/vi/YJB5JWizc4U/default.jpg
2018-05-20T19:00:37.000Z,How To Make Homemade Japanese Food,Check us out on Facebook! - facebook.com/buzzfeedtasty Credits: https://www.buzzfeed.com/bfmp/videos/57173 MUSIC Licensed via Audio Network.,https://i.ytimg.com/vi/7mz9UKbGyzo/default.jpg
2017-12-29T18:30:00.000Z,Re-Creating the Cheesiest French Potato Dish (Aligot),Buy the Tasty Cookbook Today: http://bit.ly/2zVLRyd Check us out on Facebook! - facebook.com/buzzfeedtasty Credits: ...,https://i.ytimg.com/vi/ahhJYKYCsUk/default.jpg
2017-04-22T16:00:48.000Z,Apple Pie From Scratch,FULL RECIPE: https://tasty.co/recipe/apple-pie-from-scratch Here is what you'll need! Apple Pie From Scratch INGREDIENTS Pie Dough 2½ cups flour 1 ...,https://i.ytimg.com/vi/VFQsDAADPLM/default.jpg
2018-04-22T15:00:30.000Z,How To Cook A Perfect Risotto,https://www.buzzfeed.com/marietelling/how-to-make-risotto?utm_term=.beNOOPok8#.bt4xx8LRq Shop the Tasty kitchenware collection here: ...,https://i.ytimg.com/vi/NKtR3KpS83w/default.jpg
2018-04-29T15:00:19.000Z,How To Make Perfect Chocolate Chip Cookies,https://www.buzzfeed.com/marietelling/brown-butter-chocolate-chip-cookies Shop the Tasty kitchenware collection here: http://bit.ly/2IooLS4 Check us out on ...,https://i.ytimg.com/vi/rEdl2Uetpvo/default.jpg
2017-04-07T16:00:29.000Z,Tasty Cook-Off: Fried Chicken,Here is what you'll need! BUTTERMILK FRIED CHICKEN THIGHS Servings: 8-12 INGREDIENTS 8-12 boneless skinless chicken thighs Oil for frying Buttermilk ...,https://i.ytimg.com/vi/gauyUvRIPzs/default.jpg
2017-04-05T16:00:52.000Z,What Is The Best Way To Cook Steak?,"Here is what you'll need! Pan-Seared Steak Servings: 2 INGREDIENTS 1 (2-inch thick) rib eye steak, preferably USDA Prime Salt Pepper 3 tablespoons canola ...",https://i.ytimg.com/vi/CnuFrNjAgyM/default.jpg
2018-11-09T16:00:02.000Z,Can These Chefs Create A Kid's Dream Cake?,"Tasty Chef Alexis competes against guest chef Marcus Samuelsson to turn Mia's mermaid drawing into a delicious, real-world dish. Whose food will make the ...",https://i.ytimg.com/vi/JoBHUKnBUbc/default.jpg
2018-02-13T23:00:47.000Z,American Vs. Japanese: Cheesecake,"Reserve the One Top: http://bit.ly/2v0iast Here is what you'll need! AMERICAN CHEESECAKE Servings: 8-10 INGREDIENTS 12 graham crackers, crushed ½ ...",https://i.ytimg.com/vi/M7WdrtRRgGo/default.jpg
2018-02-07T16:00:20.000Z,Migos x Tasty Whip Up Stir Fry,Listen to Migos' new album Culture II featuring 'Stir Fry': https://Migos.lnk.to/Culture2TA Check us out on Facebook! - facebook.com/buzzfeedtasty Credits: ...,https://i.ytimg.com/vi/mcsTWPSMDtg/default.jpg
2017-01-17T22:00:56.000Z,No-Bake Chocolate Peanut Butter Cheesecake,Customize & buy the Tasty Cookbook here: http://bzfd.it/2fpfeu5 Here is what you'll need! NO-BAKE CHOCOLATE PEANUT BUTTER CHEESECAKE Servings: ...,https://i.ytimg.com/vi/YaLPOLqT49k/default.jpg
2018-04-13T20:00:23.000Z,Making A Giant Macaron: Behind Tasty,Shop the Tasty kitchenware collection here: http://bit.ly/2IooLS4 Check us out on Facebook! - facebook.com/buzzfeedtasty Credits: ...,https://i.ytimg.com/vi/oh0k_4SAXpM/default.jpg
2018-06-08T16:00:19.000Z,I Tried To Make A Pie With Zero Waste,"""This apple is very slippery..."" Check us out on Facebook! - facebook.com/buzzfeedtasty Credits: https://www.buzzfeed.com/bfmp/videos/56057 MUSIC SFX ...",https://i.ytimg.com/vi/QUP8vf18oWA/default.jpg
2018-07-01T16:00:22.000Z,The Best Brownies You'll Ever Eat,https://www.buzzfeed.com/marietelling/heres-exactly-how-to-make-the-best-brownies-of-your-life?utm_term=.riAvJ3ae2x#.qrQ6pkmVxv Shop the Tasty ...,https://i.ytimg.com/vi/VvJm4pQZ04s/default.jpg
2016-05-30T16:00:01.000Z,Spaghetti 4 Ways,"Here is what you'll need! Chicken Bacon Broccoli Alfredo Serves 2-3 INGREDIENTS 2 tablespoons canola oil 2 boneless, skinless chicken breasts, diced ½ ...",https://i.ytimg.com/vi/MvzlIehMf8w/default.jpg
2017-09-24T15:00:53.000Z,Basic Knife Skills,Learn how to chop properly with your knives! Check us out on Facebook! - facebook.com/buzzfeedtasty Credits: https://www.buzzfeed.com/bfmp/videos/27336 ...,https://i.ytimg.com/vi/G-Fg7l7G1zw/default.jpg
2018-05-05T16:00:47.000Z,We Tried To Re-Create This Cheese-Covered Burger,"""This week Andrew and Niki cover a burger in cheese! Make sure to check out new episodes of Eating Your Feed every Saturday."" Check us out on Facebook!",https://i.ytimg.com/vi/dKccvk36atQ/default.jpg
2017-05-25T19:00:27.000Z,Easiest Vegetables to Grow In a Small Space,Here is what you'll need! How To Regrow Vegetables From Your Kitchen Potatoes MATERIALS 1 sweet potato 1 yellow potato Toothpicks Mason jar or cups ...,https://i.ytimg.com/vi/Jt8QdgxuAsQ/default.jpg
2017-11-27T20:00:18.000Z,Which Celebrity Makes The Best Mashed Potatoes?,We try to find the best celebrity mashed potato recipe Check us out on Facebook! - facebook.com/buzzfeedtasty Credits: ...,https://i.ytimg.com/vi/UwrEagOwoBA/default.jpg
2017-07-05T22:00:04.000Z,Deep Fried Ice Cream: Behind Tasty,"Check out the Tasty One-Stop Shop for cookbooks, aprons, hats, and more at TastyShop.com: http://bit.ly/2mEBY0e Here is what you'll need! Tempura Fried Ice ...",https://i.ytimg.com/vi/QFPVDfAFGmw/default.jpg
2018-03-28T19:00:37.000Z,How To Make Mesmerizing Japanese Desserts,Shop the Tasty kitchenware collection here: http://bit.ly/2IooLS4 Check us out on Facebook! - facebook.com/buzzfeedtasty Credits: ...,https://i.ytimg.com/vi/HxuHo62reRw/default.jpg
2016-09-23T23:00:00.000Z,8 Game Day Appetizers,Get the recipes for all 8 here: http://bzfd.it/2cY1OWZ Check us out on Facebook! - facebook.com/buzzfeedtasty All music provided by Audio Network and Warner ...,https://i.ytimg.com/vi/6vQgHBugHxA/default.jpg
2018-06-07T16:00:31.000Z,Can These Chefs Create A Kid's Dream Dessert?,Shop the Tasty kitchenware collection here: http://bit.ly/2IooLS4 Check us out on Facebook! - facebook.com/buzzfeedtasty Credits: ...,https://i.ytimg.com/vi/JSpnYEOf0A4/default.jpg
2017-08-31T22:00:51.000Z,Rainbow Crepe Cake,"Here is what you'll need! RAINBOW CREPE CAKE Servings: 10-12 INGREDIENTS 6 tablespoons butter, melted 3 cups milk 6 eggs 2¼ cups flour 7 tablespoons ...",https://i.ytimg.com/vi/D7KKCvgGNjI/default.jpg
2018-01-19T02:00:38.000Z,6 Keto-Friendly Meals,Get the recipes: https://tasty.co/compilation/6-keto-friendly-meals Buy the Tasty Cookbook Today: http://bit.ly/2zVLRyd Check us out on Facebook!,https://i.ytimg.com/vi/eTUU8TU8GdY/default.jpg
2018-06-15T19:00:11.000Z,Making A 4-Flavor Cheesecake: Behind Tasty,Get the recipe here! - https://tasty.co/recipe/4-flavor-cheesecake Shop the Tasty kitchenware collection here: http://bit.ly/2IooLS4 Check us out on Facebook!,https://i.ytimg.com/vi/XU-PbQu-UxQ/default.jpg
2017-06-23T16:00:57.000Z,Which Pan Is Right For You?,"Check out the Tasty One-Stop Shop for cookbooks, aprons, hats, and more at TastyShop.com: http://bit.ly/2mEBY0e Here is what you'll need! Skillet Chicken ...",https://i.ytimg.com/vi/T7GK78FaHoY/default.jpg
2018-03-19T19:00:44.000Z,Super Fluffy Omelet,Get the recipe: https://tasty.co/recipe/super-fluffy-omelet Shop the Tasty kitchenware collection here: http://bit.ly/2IooLS4 Check us out on Facebook!,https://i.ytimg.com/vi/dkxgy8CT_5A/default.jpg
2017-12-17T16:00:39.000Z,How To Make A Croquembouche (Cream Puff Tower),Buy the Tasty Cookbook Today: http://bit.ly/2zVLRyd Check us out on Facebook! - facebook.com/buzzfeedtasty Credits: ...,https://i.ytimg.com/vi/d5nCbSNS9mA/default.jpg
2017-11-11T20:00:48.000Z,Making Chocolate Croissants: Behind Tasty,Reserve the One Top: http://bit.ly/2v0iast Here is what you'll need! Homemade Chocolate Croissants (Pain Au Chocolate) Servings: 8 INGREDIENTS 4 cups ...,https://i.ytimg.com/vi/VvlBSgUrNSQ/default.jpg
2018-04-18T22:00:44.000Z,100-Layer Lasagna Challenge: Behind Tasty,Get the recipe: https://tasty.co/recipe/100-layer-lasagna Shop the Tasty kitchenware collection here: http://bit.ly/2IooLS4 Check us out on Facebook!,https://i.ytimg.com/vi/xBiB4CIq9FE/default.jpg
2018-10-26T15:00:05.000Z,Can These Chefs Create These Twin's Magical Feast?,"Tasty Chefs Alix and Alexis compete to turn twins Drew and Carter's wizard drawing into a delicious, real-world dish. Whose dish will slay the dragon? Follow ...",https://i.ytimg.com/vi/gphcNDhK5jY/default.jpg
2018-03-03T02:00:14.000Z,Wolfgang Puck’s Oscar Worthy Dishes,Check out a few secrets from Wolfgang Puck who is catering the offical Oscar's afterparty this year. Check out his website: http://wolfgangpuck.com/catering Here ...,https://i.ytimg.com/vi/ONZAeOIqsjA/default.jpg
2017-11-15T17:00:13.000Z,Homemade Vs. Store-bought: Cinnamon Rolls,Reserve the One Top: http://bit.ly/2v0iast Check us out on Facebook! - facebook.com/buzzfeedtasty Credits: https://www.buzzfeed.com/bfmp/videos/35808 ...,https://i.ytimg.com/vi/pBIKPrWK7mE/default.jpg
2017-11-23T17:00:54.000Z,12 Healthy Smoothies,Try any of these healthy smoothies to jumpstart your day! Here is what you'll need! https://tasty.co/recipe/cucumber-apple-mint-smoothie ...,https://i.ytimg.com/vi/YuDhbLQtt2k/default.jpg
2018-06-16T15:00:06.000Z,I Tried To Re-Create This Flaming Cheese Wheel Pasta,"""OMG, that's a lot of fire."" Shop the Tasty kitchenware collection here: http://bit.ly/2IooLS4 Check us out on Facebook! - facebook.com/buzzfeedtasty Credits: ...",https://i.ytimg.com/vi/S6enIZ2qxEo/default.jpg
2018-09-02T15:00:42.000Z,Giant Chocolate Souffle: Behind Tasty,Can get enough? Watch the final Giant Chocolate Souffle recipe now! - https://www.youtube.com/watch?v=2ffk64YopFo Follow Alix on instagram for more ...,https://i.ytimg.com/vi/PkHotdob_08/default.jpg
2018-11-02T17:16:39.000Z,Can These Chefs Create a Kid's Fantasy Dish?,"Tasty Chefs Hannah and Matthew compete to turn Anaiah's monster drawing into a delicious, real-world dish. Who has their eyes on the prize? Follow Hannah ...",https://i.ytimg.com/vi/fhiChANKy9E/default.jpg
2016-03-25T19:00:02.000Z,Tropical Fruit Taste Test,"Natural sugar, is what this video is about.” MUSIC Bed Bugs Licensed via Audio Network Made by BFMP www.buzzfeed.com/videoteam GET MORE ...",https://i.ytimg.com/vi/Y95T9qjY-0w/default.jpg
2018-02-14T17:00:40.000Z,Homemade Vs. Boxed Chocolate Cake,Get the recipe here!: https://tasty.co/recipe/the-ultimate-chocolate-cake Reserve the One Top: http://bit.ly/2v0iast Check us out on Facebook!,https://i.ytimg.com/vi/sTfUSq8-9Jw/default.jpg
2018-11-10T16:00:07.000Z,How To Make The Creamiest Mashed Potatoes,Check us out on Facebook! - facebook.com/buzzfeedtasty Credits: https://www.buzzfeed.com/bfmp/videos/67341.,https://i.ytimg.com/vi/x6O9SwocyKQ/default.jpg
2018-08-26T15:01:00.000Z,100-Layer Giant Crepe Cake Challenge: Behind Tasty,Can Scott face the challenge of making a100-layer crepe cake? Check us out on Facebook! - facebook.com/buzzfeedtasty Credits: ...,https://i.ytimg.com/vi/EOwTPLMhfJY/default.jpg
2017-04-02T16:00:33.000Z,5 Meal-Prep Recipes,Here is what you'll need! Start your week off right with these meals: http://bzfd.it/2nEqFnq Check us out on Facebook! - facebook.com/buzzfeedtasty MUSIC ...,https://i.ytimg.com/vi/laAj2s7BUwo/default.jpg
2018-01-07T19:00:54.000Z,Homemade Vs. Store-Bought: Macaroni and Cheese,Buy the Tasty Cookbook Today: http://bit.ly/2zVLRyd Here is what you'll need! SIX-CHEESE MACARONI AND CHEESE Servings: 10-12 INGREDIENTS ¼ cup ...,https://i.ytimg.com/vi/w3xCRLTOa0A/default.jpg
2018-07-08T16:00:59.000Z,The Fluffiest Pancakes You'll Ever Eat,https://www.buzzfeed.com/marietelling/best-pancake-recipe?utm_term=.qq9nV53Yx#.jbXw618Yd Shop the Tasty kitchenware collection here: ...,https://i.ytimg.com/vi/BPl7D20F2mE/default.jpg
2018-06-23T15:00:32.000Z,I Tried To Re-Create These Corgi Macarons,"""It looks like doggy poo."" Shop the Tasty kitchenware collection here: http://bit.ly/2IooLS4 Check us out on Facebook! - facebook.com/buzzfeedtasty Credits: ...",https://i.ytimg.com/vi/3u97efIBPmc/default.jpg
2018-03-30T22:00:43.000Z,Can This Chef Create a Kid's Imaginary Meal?,Shop the Tasty kitchenware collection here: http://bit.ly/2IooLS4 Check us out on Facebook! - facebook.com/buzzfeedtasty Credits: ...,https://i.ytimg.com/vi/3y4zkCUH0fA/default.jpg
2017-09-11T22:05:24.000Z,Homemade Vs. Store-bought: Ice Cream,Here is what you'll need! 3-INGREDIENT CHOCOLATE ICE CREAM Servings: 6 INGREDIENTS 1 pint heavy whipping cream 1 (14-ounce) can sweetened ...,https://i.ytimg.com/vi/2av19gkdn9w/default.jpg
2016-12-04T00:00:02.000Z,7 Easy Chicken Dinners,Customize & buy the Tasty Cookbook here: http://bzfd.it/2fpfeu5 Check us out on Facebook! - facebook.com/buzzfeedtasty Visit these links for the recipes: ...,https://i.ytimg.com/vi/dfR_LdA3fPI/default.jpg
2016-12-19T20:00:00.000Z,4 Famous Sandwiches from 4 Cities,"Customize & buy the Tasty Cookbook here: http://bzfd.it/2fpfeu5 Here is what you'll need! 4 Famous Sandwiches from 4 Cities PHILADELPHIA, PA: PHILLY ...",https://i.ytimg.com/vi/FHQw1TpU6j8/default.jpg
2018-07-27T19:00:27.000Z,9 Essential Egg Recipes,https://www.buzzfeed.com/marietelling/unexpected-ways-to-cook Shop the Tasty kitchenware collection here: http://bit.ly/2IooLS4 Check us out on Facebook!,https://i.ytimg.com/vi/YfDKe2b9Si4/default.jpg
2018-11-07T23:00:01.000Z,Here's How To Make Rie's Giant Soup Dumpling,Follow Rie @thedessertsnob Check us out on Facebook! - facebook.com/buzzfeedtasty Credits: https://www.buzzfeed.com/bfmp/videos/70166 MUSIC Licensed ...,https://i.ytimg.com/vi/dA2MzbrXcAQ/default.jpg
2018-07-07T15:00:25.000Z,We Tried To Make Mozzarella,"""It's like freshly shampooed hair."" Shop the Tasty kitchenware collection here: http://bit.ly/2IooLS4 Check us out on Facebook! - facebook.com/buzzfeedtasty ...",https://i.ytimg.com/vi/MXZrwK-qFXo/default.jpg
2018-10-26T19:00:01.000Z,Here's How To Make Alix's Crispy Rice Cereal Cheesecake,Check us out on Facebook! - facebook.com/buzzfeedtasty Follow Alix @majortraeger Credits: https://www.buzzfeed.com/bfmp/videos/69123 MUSIC Licensed ...,https://i.ytimg.com/vi/CXzenHJjrRQ/default.jpg
2017-08-04T22:00:24.000Z,Giant Spaghetti-Stuffed Meatball: Behind Tasty,Download the new Tasty app: http://tstyapp.com/m/mFqUXJtD3E Reserve the One Top: http://bit.ly/2v0iast Here is what you'll need! SPAGHETTI-STUFFED ...,https://i.ytimg.com/vi/OknN92z42KU/default.jpg
2018-02-17T20:00:07.000Z,5 Easy 2-Ingredient Recipes,Reserve the One Top: http://bit.ly/2v0iast Check us out on Facebook! - facebook.com/buzzfeedtasty Credits: https://www.buzzfeed.com/bfmp/videos/47867 ...,https://i.ytimg.com/vi/vrpof_QQUe0/default.jpg
2017-08-10T19:30:29.000Z,4 Back-To-School Lunches,Download the new Tasty app: http://tstyapp.com/m/mFqUXJtD3E Reserve the One Top: http://bit.ly/2v0iast Here is what you'll need! Turkey & Cream Cheese ...,https://i.ytimg.com/vi/3JmiaernpQM/default.jpg
2017-02-22T01:00:58.000Z,7 Japanese Desserts From Tasty Japan,Like Tasty Japan on Facebook: https://www.facebook.com/buzzfeedtastyjapan/ Find these tasty recipes here: http://bzfd.it/2lrNKbe Customize & buy the Tasty ...,https://i.ytimg.com/vi/RgpKb1Ex38M/default.jpg
2018-05-26T15:00:09.000Z,We Tried To Make The Most Intimidating Pasta Dish (Timpano),A little danger adds a lot of excitement to a meal!” Check us out on Facebook! - facebook.com/buzzfeedtasty Credits: ...,https://i.ytimg.com/vi/YpUDblEURdY/default.jpg
2018-10-12T15:00:06.000Z,Can These Chefs Create This Kid's Unicorn Dish?,"Tasty Chefs Alix and Rie compete to turn Lynnea's unicorn drawing into delicious, real-world desserts. Whose dish will be the most magical? Follow Alix on ...",https://i.ytimg.com/vi/o2RGudbzHLw/default.jpg
2018-09-01T15:00:00.000Z,Giant Chocolate Soufflé,Can get enough? See how this video was made with Behind Tasty! - https://www.youtube.com/watch?v=PkHotdob_08 Shop the Tasty kitchenware collection ...,https://i.ytimg.com/vi/2ffk64YopFo/default.jpg
2017-10-22T15:00:27.000Z,How To Make The Ultimate Chocolate Cake,Reserve the One Top: http://bit.ly/2v0iast Get the recipe: THE ULTIMATE CHOCOLATE CAKE Servings: 12 INGREDIENTS CAKE 1½ cups flour 1 cup Dutch ...,https://i.ytimg.com/vi/xwKGZS3EE7Q/default.jpg
2017-12-04T20:00:04.000Z,American Vs. Japanese: Pancakes,Buy the Tasty Cookbook Today: http://bit.ly/2zVLRyd Here is what you'll need! BUTTERMILK PANCAKES Servings: 8 pancakes INGREDIENTS 2 cups flour ¼ ...,https://i.ytimg.com/vi/rA6DB6CBwW0/default.jpg
2018-06-09T15:00:09.000Z,I Tried To Re-Create This Giant Ramen,"""OMG, that really is large!"" Shop the Tasty kitchenware collection here: http://bit.ly/2IooLS4 Check us out on Facebook! - facebook.com/buzzfeedtasty Credits: ...",https://i.ytimg.com/vi/iKI6z9dcjMg/default.jpg
2017-11-20T23:00:46.000Z,The 5 Best Classic Cookie Recipes,Buy the Tasty Cookbook Today: http://bit.ly/2zVLRyd Get the recipes: http://bzfd.it/2jIIXWJ Check us out on Facebook! - facebook.com/buzzfeedtasty Credits: ...,https://i.ytimg.com/vi/8_zM9IafC7A/default.jpg
2017-08-23T19:00:58.000Z,Back-To-School Lunch Prep Hacks,Download the new Tasty app: http://tstyapp.com/m/mFqUXJtD3E Reserve the One Top: http://bit.ly/2v0iast Check us out on Facebook!,https://i.ytimg.com/vi/N4jF6nF7N40/default.jpg
2018-01-05T20:00:08.000Z,Scalloped Potato Roll,See the recipe here! https://tasty.co/recipe/scalloped-potato-roll Buy the Tasty Cookbook Today: http://bit.ly/2zVLRyd Check us out on Facebook!,https://i.ytimg.com/vi/AEhBwiIEdj4/default.jpg
2016-10-12T16:43:10.000Z,Caramel Apple Crumble Cheesecake,Here is what you'll need! CARAMEL APPLE CRISP CHEESECAKE Serves 12 INGREDIENTS Crust 2 cups graham cracker crumbs ⅛ cup brown sugar ⅓ cup ...,https://i.ytimg.com/vi/I-FLjeqfmv0/default.jpg
2018-05-04T19:00:15.000Z,How To Cook Meals Kids Will Love,Get the recipes: https://tasty.co/compilation/how-to-cook-for-kids Shop the Tasty kitchenware collection here: http://bit.ly/2IooLS4 Check us out on Facebook!,https://i.ytimg.com/vi/m3MgAOe2zSs/default.jpg
2018-10-19T15:00:02.000Z,Can These Chefs Create This Kid's Crazy Dish?,"Tasty Chef Alexis competes against guest chef Claudette Zepeda-Wilkins to turn Aedan's pirate drawing into a delicious, real-world dish. Whose food will win the ...",https://i.ytimg.com/vi/EPcKSkX--Po/default.jpg
2018-05-12T15:00:32.000Z,We Tried To Re-Create This Giant Cinnamon Roll,OH MY GOD THEY”RE GIGANTIC!” Check us out on Facebook! - facebook.com/buzzfeedtasty Credits: https://www.buzzfeed.com/bfmp/videos/52325 MUSIC ...,https://i.ytimg.com/vi/mAfkkgw_-68/default.jpg
2018-05-12T15:00:32.000Z,We Tried To Re-Create This Giant Cinnamon Roll,OH MY GOD THEY”RE GIGANTIC!” Check us out on Facebook! - facebook.com/buzzfeedtasty Credits: https://www.buzzfeed.com/bfmp/videos/52325 MUSIC ...,https://i.ytimg.com/vi/mAfkkgw_-68/default.jpg
2018-10-24T19:00:01.000Z,Giant Caramel Candy Bar Cake,Get the recipe: https://tasty.co/recipe/giant-caramel-candy-bar-cake Check us out on Facebook! - facebook.com/buzzfeedtasty Credits: ...,https://i.ytimg.com/vi/8yc5oQvJ3u8/default.jpg
2017-11-24T23:00:13.000Z,5 Hearty Slow Cooker Recipes,Here is what you'll need! https://tasty.co/recipe/slow-cooker-ribs https://tasty.co/recipe/slow-cooker-pot-roast-1 ...,https://i.ytimg.com/vi/y1vm2pncEwQ/default.jpg
2016-09-14T21:59:00.000Z,4 Easy Slow Cooker Dinners,"Here is what you'll need! 4 EASY SLOW COOKER DINNERS POT ROAST Serves 5 INGREDIENTS 3 pounds chuck roast Salt, to taste Pepper, to taste 1 ounce ...",https://i.ytimg.com/vi/TfrsMVzFc3Q/default.jpg
2018-06-15T22:00:54.000Z,Party Rice Around Africa,Get the recipe here! - https://tasty.co/compilation/party-rice-around-africa Shop the Tasty kitchenware collection here: http://bit.ly/2IooLS4 Check us out on ...,https://i.ytimg.com/vi/F1ku3Rljj1c/default.jpg
2017-06-13T22:00:13.000Z,7 Pancakes From Around The World,"Check out the Tasty One-Stop Shop for cookbooks, aprons, hats, and more at TastyShop.com: http://bit.ly/2mEBY0e Here is what you'll need! 7 Pancakes from ...",https://i.ytimg.com/vi/8vG9Ku7guDU/default.jpg
2018-07-29T16:00:09.000Z,The Best Homemade Pasta You'll Ever Eat,Check us out on Facebook! - facebook.com/buzzfeedtasty Credits: https://www.buzzfeed.com/bfmp/videos/14508 MUSIC Licensed via Audio Network When The ...,https://i.ytimg.com/vi/YNHqjFyk5gU/default.jpg
2017-09-15T16:00:40.000Z,The Ultimate Order At The World's Oldest Deli,Check out the ultimate order from Katz Deli! You won't be disappointed. Katz Deli Facebook page: https://www.facebook.com/katzsdeli/ ...,https://i.ytimg.com/vi/IXLT9ZBlRKQ/default.jpg
2018-09-06T19:00:02.000Z,How I Make My Favorite Japanese Recipes,Follow Rie on Instagram! - @thedessertsnob Shop the Tasty kitchenware collection here: http://bit.ly/2IooLS4 Check us out on Facebook!,https://i.ytimg.com/vi/T6GmeOnoZec/default.jpg
2018-08-12T15:00:31.000Z,Making Rainbow Croissants: Behind Tasty,Get the recipe! - https://tasty.co/recipe/rainbow-croissants Shop the Tasty kitchenware collection here: http://bit.ly/2IooLS4 Check us out on Facebook!,https://i.ytimg.com/vi/djQHWyMCtP0/default.jpg
2018-10-14T22:00:01.000Z,Award-Winning Cuban Sandwich by El Cochinito,Check us out on Facebook! - facebook.com/buzzfeedtasty Credits: https://www.buzzfeed.com/bfmp/videos/68849 MUSIC Licensed via Audio Network ...,https://i.ytimg.com/vi/OKJVZTMsLIY/default.jpg
2017-07-11T22:00:46.000Z,6 Incredible No-Bake Desserts,"Check out the Tasty One-Stop Shop for cookbooks, aprons, hats, and more at TastyShop.com: http://bit.ly/2mEBY0e Here is what you'll need! FULL POST: Check ...",https://i.ytimg.com/vi/vvR1pde64ZA/default.jpg
2018-07-17T01:00:24.000Z,Homemade Frozen Treats,Shop the Tasty kitchenware collection here: http://bit.ly/2IooLS4 Check us out on Facebook! - facebook.com/buzzfeedtasty Credits: ...,https://i.ytimg.com/vi/jfADtZMmDrE/default.jpg
2018-07-15T15:00:47.000Z,The Best Homemade Pizza You'll Ever Eat,Get the recipe for the best homemade pizza: https://www.buzzfeed.com/marietelling/pizza-dough-recipe?utm_term=.ioz4kpD7lA#.lsDMVvejlW Shop the Tasty ...,https://i.ytimg.com/vi/sv3TXMSv6Lw/default.jpg
2017-11-01T01:00:04.000Z,5 Breakfast Meal Preps For Busy Parents,Reserve the One Top: http://bit.ly/2v0iast Get the recipes: http://bzfd.it/2iiMnem Check us out on Facebook! - facebook.com/buzzfeedtasty Credits: ...,https://i.ytimg.com/vi/CFVCloJbrJg/default.jpg
2017-11-01T01:00:04.000Z,5 Breakfast Meal Preps For Busy Parents,Reserve the One Top: http://bit.ly/2v0iast Get the recipes: http://bzfd.it/2iiMnem Check us out on Facebook! - facebook.com/buzzfeedtasty Credits: ...,https://i.ytimg.com/vi/CFVCloJbrJg/default.jpg
2017-12-03T17:00:05.000Z,Macarons 4 Ways,Buy the Tasty Cookbook Today: http://bit.ly/2zVLRyd Get the recipes: http://bzfd.it/2izFz02 Check us out on Facebook! - facebook.com/buzzfeedtasty Credits: ...,https://i.ytimg.com/vi/ZTBqUGXFPvE/default.jpg
2018-01-11T23:00:06.000Z,4 Meals Anyone Can Make,Get the recipes: https://tasty.co/compilation/4-meals-anyone-can-make Buy the Tasty Cookbook Today: http://bit.ly/2zVLRyd Check us out on Facebook!,https://i.ytimg.com/vi/URdX9rFIbcc/default.jpg
2018-08-19T15:00:10.000Z,We Tried To Make The Ultimate Vegan Ice Cream: Behind Tasty,Try the recipe: https://tasty.co/recipe/the-best-vegan-vanilla-ice-cream Van Leeuwen's social: @vanleeuwenicecream www.vanleeuwenicecream.com Check us ...,https://i.ytimg.com/vi/Dx_-u7p5Rjs/default.jpg
2018-10-05T17:00:26.000Z,Can These Chefs Create A Kid’s Superhero Dessert?,"Tasty Chefs Alix and Rie compete to turn Eli's superhero serum drawing into delicious, real-world desserts. Who will come out on Gorp-Top? Check us out on ...",https://i.ytimg.com/vi/vOQju9Rc2TQ/default.jpg
2018-08-20T14:00:26.000Z,Meet the Faces Of Tasty,"You know their hands, but now you can see their faces! Your favorite Tasty chefs are no longer a mystery! We're excited to announce Tasty's first-ever talent ...",https://i.ytimg.com/vi/RFFjpOzpd8Q/default.jpg
2017-08-23T16:00:14.000Z,Rainbow Crepe Cake: Behind Tasty,"Here is what you'll need! RAINBOW CREPE CAKE Servings: 10-12 INGREDIENTS 6 tablespoons butter, melted 3 cups milk 6 eggs 2¼ cups flour 7 tablespoons ...",https://i.ytimg.com/vi/sQXSS3R7tZA/default.jpg
2018-03-14T16:30:14.000Z,4 Impressive Desserts Anyone Can Make,Shop the Tasty kitchenware collection here: http://bit.ly/2IooLS4 Check us out on Facebook! - facebook.com/buzzfeedtasty Credits: ...,https://i.ytimg.com/vi/glqJCrexKs4/default.jpg
2017-08-24T16:00:31.000Z,How To Perfectly Sear Anything Ft. ChefSteps,Here is what you'll need! Link to ChefSteps site: https://www.chefsteps.com/ Link to YouTube channel: https://www.youtube.com/user/chefsteps Check us out on ...,https://i.ytimg.com/vi/lPjSap5qjoQ/default.jpg
2018-06-30T15:00:23.000Z,I Tried To Re-Create This Flaming Hot Cheeto Burrito,It's the size of a kitten!” Get the recipe! - https://tasty.co/recipe/hot-cheeto-burrito Shop the Tasty kitchenware collection here: http://bit.ly/2IooLS4 Check us out on ...,https://i.ytimg.com/vi/uF7Z_de2ELQ/default.jpg
2016-09-19T23:00:00.000Z,3 Ways To Chop Onions Like A Pro,And how to do it without chopping your fingers off! Check us out on Facebook! - facebook.com/buzzfeedtasty MUSIC ANW1767_03_La-Ballade-Du-Midi ...,https://i.ytimg.com/vi/0LJb66aYtG8/default.jpg
2018-06-02T15:00:49.000Z,I Went To Japan To Make The Most Difficult Omelet,I was hoping there was a secret I was missing for why I was doing it so badly.” Watch Andrew's first attempt to make the omelet here: ...,https://i.ytimg.com/vi/rFAddL8g8mw/default.jpg
2018-03-14T22:00:02.000Z,How To Make Geometric Pies by lokokitchen,Shop the Tasty kitchenware collection here: http://bit.ly/2IooLS4 Follow lokokitchen on instagram: https://www.instagram.com/lokokitchen/ Here is what you'll ...,https://i.ytimg.com/vi/LN-m0Ci8MZ8/default.jpg
2017-11-06T20:00:30.000Z,6 Giant Food Recipes,Reserve the One Top: http://bit.ly/2v0iast Get all the recipes: http://bzfd.it/2hfCXE9 Check us out on Facebook! - facebook.com/buzzfeedtasty Credits: ...,https://i.ytimg.com/vi/2ofkTVUnzb0/default.jpg
2018-01-18T17:00:11.000Z,Satisfying Salads That Don't Suck,Buy the Tasty Cookbook Today: http://bit.ly/2zVLRyd Get the recipes: https://tasty.co/compilation/satisfying-salads-that-don-t-suck Check us out on Facebook!,https://i.ytimg.com/vi/nRIfgPDdTSY/default.jpg
2017-06-07T16:00:10.000Z,6 Brazilian Desserts From Tasty Demais,"Check out the Tasty One-Stop Shop for cookbooks, aprons, hats, and more at TastyShop.com: http://bit.ly/2mEBY0e Click link for recipes!",https://i.ytimg.com/vi/9NdTLgFffug/default.jpg
2017-05-24T16:00:23.000Z,Pasta Carbonara - Can You Cook This Right?,"Check out the Tasty One-Stop Shop for cookbooks, aprons, hats, and more at TastyShop.com: http://bit.ly/2mEBY0e Here is what you'll need! Spaghetti ...",https://i.ytimg.com/vi/MioMgDl-ass/default.jpg
2017-10-01T15:00:48.000Z,How To Cook Perfect Eggs Every Time,Download the new Tasty app: http://tstyapp.com/m/mFqUXJtD3E Reserve the One Top: http://bit.ly/2v0iast Check us out on Facebook!,https://i.ytimg.com/vi/X5oD_thIk3c/default.jpg
2017-05-18T01:00:13.000Z,7 Easy Steak Dinners,Recipes here: https://www.buzzfeed.com/cyruskowsari/treat-yourself-and-bae-to-one-of-these-seven-steak-dinners?utm_term=.uplMxpYm2#.wiG9qZQMa ...,https://i.ytimg.com/vi/AnP43TONiX0/default.jpg
2017-11-09T23:00:02.000Z,The 5 Best Fried Chicken Recipes,Reserve the One Top: http://bit.ly/2v0iast Get the recipes here: http://bzfd.it/2zoTDzY Check us out on Facebook! - facebook.com/buzzfeedtasty Credits: ...,https://i.ytimg.com/vi/mfIgYdJCwUA/default.jpg
2018-10-31T22:00:01.000Z,4 Easy Meals To Start Cooking,Get the recipe: https://tasty.co/compilation/4-meals-anyone-can-make-part-2 Check us out on Facebook! - facebook.com/buzzfeedtasty Credits: ...,https://i.ytimg.com/vi/WEDndTCyGgU/default.jpg
2018-03-25T22:00:45.000Z,6 Crispy Snacks To Make For Friends,Get the recipes: https://tasty.co/compilation/6-crispy-snacks-to-make-for-friends Shop the Tasty kitchenware collection here: http://bit.ly/2IooLS4 Check us out on ...,https://i.ytimg.com/vi/BSZV341M1E4/default.jpg
2018-11-14T23:00:02.000Z,Rie Shows Us How To Make Timpano,Get the recipe: https://tasty.co/recipe/timpano Subscribe to Rie's channel: https://www.youtube.com/riemcclenny Follow Rie @thedessertsnob ...,https://i.ytimg.com/vi/8akSwVH4cmc/default.jpg
2018-04-01T22:00:15.000Z,6 Mouth-Watering Burger Recipes,Get the recipes: https://tasty.co/compilation/6-mouth-watering-burger-recipes Shop the Tasty kitchenware collection here: http://bit.ly/2IooLS4 Check us out on ...,https://i.ytimg.com/vi/oqeW9YMHweo/default.jpg
2017-04-27T16:00:18.000Z,How To Cook A Cheap Steak Vs. An Expensive Steak,Here is what you'll need! PAN-SEARED FLAP STEAK Servings: 2-4 INGREDIENTS 1 pound flap meat ½ cup low-sodium soy sauce 2 tablespoons ground black ...,https://i.ytimg.com/vi/ir5U88d_3iI/default.jpg
2018-01-14T23:00:10.000Z,6 Ways To Destroy Your New Year's Resolution,Buy the Tasty Cookbook Today: http://bit.ly/2zVLRyd Get the recipes: https://tasty.co/compilation/6-ways-to-destroy-your-new-year-s-resolution Check us out on ...,https://i.ytimg.com/vi/li7snOyIfKw/default.jpg
2018-02-14T20:00:29.000Z,Ultimate Sheet Pan Party Recipes,Reserve the One Top: http://bit.ly/2v0iast Check us out on Facebook! - facebook.com/buzzfeedtasty Credits: https://www.buzzfeed.com/bfmp/videos/47716 ...,https://i.ytimg.com/vi/J2OEtq0ECQU/default.jpg
2017-10-29T15:00:33.000Z,How To Fry Food Perfectly,Check us out on Facebook! - facebook.com/buzzfeedtasty Credits: https://www.buzzfeed.com/bfmp/videos/31925 MUSIC Licensed via Audio Network.,https://i.ytimg.com/vi/2NPQxxH3F84/default.jpg
2018-03-07T23:00:20.000Z,7 Recipes You Can Make In 5 Minutes,Get the recipes: https://tasty.co/compilation/7-recipes-you-can-make-in-5-minutes Reserve the One Top: http://bit.ly/2v0iast Check us out on Facebook!,https://i.ytimg.com/vi/9_5wHw6l11o/default.jpg
2017-11-19T23:00:46.000Z,5 Southern Comfort Country Cooking Recipes,Here is what you'll need! https://tasty.co/recipe/honey-glazed-fried-chicken https://tasty.co/recipe/five-cheese-mac-and-cheese ...,https://i.ytimg.com/vi/kGrTcdL_PcA/default.jpg
2017-11-19T23:00:46.000Z,5 Southern Comfort Country Cooking Recipes,Here is what you'll need! https://tasty.co/recipe/honey-glazed-fried-chicken https://tasty.co/recipe/five-cheese-mac-and-cheese ...,https://i.ytimg.com/vi/kGrTcdL_PcA/default.jpg
2018-10-25T15:00:07.000Z,We Tried To Make Pizzas With Zero Waste,"""Good night, dough babies."" Grow your own fresh herbs with Goodful's AeroGarden: https://bit.ly/2yDJNZA Subscribe to Goodful's YouTube channel: ...",https://i.ytimg.com/vi/rp-TqMxdfMY/default.jpg
2017-05-10T22:00:51.000Z,8 Game-Changing Pizza Recipes,Get the recipes here: http://bzfd.it/2r0lek2 Check us out on Facebook! - facebook.com/buzzfeedtasty Credits: https://www.buzzfeed.com/bfmp/videos/16827 ...,https://i.ytimg.com/vi/LMnDfb4Zsj8/default.jpg
2017-12-16T16:00:43.000Z,The Tastiest Pizza I've Ever Eaten,Buy the Tasty Cookbook Today: http://bit.ly/2zVLRyd Check us out on Facebook! - facebook.com/buzzfeedtasty Credits: ...,https://i.ytimg.com/vi/OUQr8lG45AU/default.jpg
2018-01-10T23:00:38.000Z,5 Foods For a Healthy Life,Buy the Tasty Cookbook Today: http://bit.ly/2zVLRyd Get the recipes: https://tasty.co/compilation/5-foods-for-a-healthy-life Check us out on Facebook!,https://i.ytimg.com/vi/j1NCRsH6174/default.jpg
2017-10-14T15:00:17.000Z,I Tried To Re-Create The Melted Wheel Of Cheese Dish,"""That's how much a baby weighs!"" Download the new Tasty app: http://tstyapp.com/m/mFqUXJtD3E Reserve the One Top: http://bit.ly/2v0iast Check us out on ...",https://i.ytimg.com/vi/g9ve4WPTX3w/default.jpg
2016-11-19T03:51:31.000Z,How To Roast A Turkey,Check us out on Facebook! - facebook.com/buzzfeedtasty MUSIC Above The Clouds Licensed via Audio Network Made by BFMP ...,https://i.ytimg.com/vi/6MWZ8DpihwQ/default.jpg
2018-02-01T17:00:26.000Z,Homemade Vs. Restaurant Pizza,Reserve the One Top: http://bit.ly/2v0iast Here is what you'll need! Ultimate Homemade Pizza Makes 6 pies INGREDIENTS Dough 7 cups flour 4 tablespoons ...,https://i.ytimg.com/vi/iJL9p4QaN8I/default.jpg
2017-11-06T23:00:05.000Z,6 Low-Cost Meal Preps,Reserve the One Top: http://bit.ly/2v0iast Get the recipes: http://bzfd.it/2m1NwfN Check us out on Facebook! - facebook.com/buzzfeedtasty Credits: ...,https://i.ytimg.com/vi/qoGI78-FSko/default.jpg
2017-03-22T19:00:32.000Z,8 One-Pot Pastas,Here is what you'll need! One-Pot Swedish Meatball Pasta Servings: 4 INGREDIENTS 1 pound ground beef ½ cup seasoned bread crumbs ½ finely minced ...,https://i.ytimg.com/vi/YTZGPCCB2FU/default.jpg
2018-03-02T23:00:08.000Z,7 Recipes For Seafood Lovers,Reserve the One Top: http://bit.ly/2v0iast Check us out on Facebook! - facebook.com/buzzfeedtasty Credits: https://www.buzzfeed.com/bfmp/videos/49400 ...,https://i.ytimg.com/vi/IwkHyDZynF0/default.jpg
2017-08-08T22:00:03.000Z,Top Ten Tasty Recipes Of All Time,Download the new Tasty app: http://tstyapp.com/m/mFqUXJtD3E Reserve the One Top: http://bit.ly/2v0iast Click here for the full recipes: http://bzfd.it/2hHLhMs ...,https://i.ytimg.com/vi/6Ire17yjpQ8/default.jpg
2017-01-04T23:00:02.000Z,7 Desserts Around The World,Customize & buy the Tasty Cookbook here: http://bzfd.it/2fpfeu5 Check us out on Facebook! - facebook.com/buzzfeedtasty MUSIC Nana De Boulonge Licensed ...,https://i.ytimg.com/vi/VhTpSeph7Hc/default.jpg
2018-08-05T15:00:00.000Z,Giant Raindrop Cake: Behind Tasty,Get the recipe! - https://tasty.co/recipe/giant-raindrop-cake Follow Alix on instagram for more delicious food adventures @majortraeger Raindrop Cake® is a ...,https://i.ytimg.com/vi/-RFUNt_d_-A/default.jpg
2017-11-03T14:00:20.000Z,Sliders 10 Ways,"http://bit.ly/2v0iast Shop the baking dish we used in this video here:http://bit.ly/2z99qTy (Just so you know, we'll make some money if you use this link.) Check us ...",https://i.ytimg.com/vi/s-Ub38YwpAA/default.jpg
2017-11-03T14:00:20.000Z,Sliders 10 Ways,"http://bit.ly/2v0iast Shop the baking dish we used in this video here:http://bit.ly/2z99qTy (Just so you know, we'll make some money if you use this link.) Check us ...",https://i.ytimg.com/vi/s-Ub38YwpAA/default.jpg
2018-11-05T02:00:02.000Z,Holiday Sheet Pan Cheesecake Bars,These sheet pan cheesecake bars are a crowd pleaser for the holiday season! Get the recipes: https://tasty.co/recipe/holiday-sheet-pan-cheesecake-bars ...,https://i.ytimg.com/vi/iSi2AOmFLhI/default.jpg
2018-07-19T22:00:13.000Z,Portable Breakfasts,Get the recipe! - https://tasty.co/compilation/portable-breakfasts Shop the Tasty kitchenware collection here: http://bit.ly/2IooLS4 Check us out on Facebook!,https://i.ytimg.com/vi/ySQf0c5B3BQ/default.jpg
2017-08-13T22:00:15.000Z,6 Chinese Take-Out Inspired Dinners,Download the new Tasty app: http://tstyapp.com/m/mFqUXJtD3E Reserve the One Top: http://bit.ly/2v0iast Full Recipes: http://bzfd.it/2hSepAq Check us out on ...,https://i.ytimg.com/vi/DYqdVy7SKnY/default.jpg
2017-11-05T20:00:00.000Z,5 Easy Ways To Cook Fish,"Reserve the One Top: http://bit.ly/2v0iast Here is what you'll need! Seared Tuna Steaks Servings: 1 INGREDIENTS 1 tuna steak 1 tablespoon olive oil Salt, ...",https://i.ytimg.com/vi/Tgv7tCx2NsA/default.jpg
2018-10-13T17:00:00.000Z,Golden Shepherd's Pie,Don't like turkey for the holidays? Serve your family this golden twist on classic shepherd's pie! Get the recipe: https://tasty.co/recipe/golden-shepherd-s-pie ...,https://i.ytimg.com/vi/CZ9xp-Q0Vqg/default.jpg
2017-07-23T01:00:15.000Z,3 Ways To Use Ground Turkey,"Check out the Tasty One-Stop Shop for cookbooks, aprons, hats, and more at TastyShop.com: http://bit.ly/2mEBY0e Here is what you'll need! Breakfast ...",https://i.ytimg.com/vi/1l2hLjpYnhk/default.jpg
2018-10-27T15:00:11.000Z,We Tried To Make A 350-Year-Old Ice Cream Recipe,Check us out on Facebook! - facebook.com/buzzfeedtasty Credits: https://www.buzzfeed.com/bfmp/videos/66486 MUSIC Licensed by AudioBlocks Licensed by ...,https://i.ytimg.com/vi/quxmqtLbRjY/default.jpg
2017-11-02T14:00:24.000Z,9 Mind-Blowing Food Party Rings,Reserve the One Top: http://bit.ly/2v0iast Get the recipes: http://bzfd.it/2ykYqCT Check us out on Facebook! - facebook.com/buzzfeedtasty Credits: ...,https://i.ytimg.com/vi/cs1CbiYuCoo/default.jpg
2017-06-01T00:00:42.000Z,5 Easy Weeknight Dinners,"Check out the Tasty One-Stop Shop for cookbooks, aprons, hats, and more at TastyShop.com: http://bit.ly/2mEBY0e Here is what you'll need! CREAMY ...",https://i.ytimg.com/vi/7_9bjux2FEg/default.jpg
2017-09-29T19:00:36.000Z,6 Desserts That Are Absolutely Mesmerizing,Download the new Tasty app: http://tstyapp.com/m/mFqUXJtD3E Reserve the One Top: http://bit.ly/2v0iast Here is what you'll need!,https://i.ytimg.com/vi/4Cm5qUOS7g0/default.jpg
2018-05-16T19:00:50.000Z,The Art Of Making Noodles By Hand,Subscribe to the new Goodful channel: https://bit.ly/2IOhgqk Shop the Tasty kitchenware collection here: http://bit.ly/2IooLS4 Check us out on Facebook!,https://i.ytimg.com/vi/f2kesmAO8VU/default.jpg
2018-05-22T01:00:55.000Z,Creative Ways To Serve Fruit,Get the recipe: https://tasty.co/compilation/creative-ways-to-serve-fruit Check us out on Facebook! - facebook.com/buzzfeedtasty Credits: ...,https://i.ytimg.com/vi/Y-P00YKtgVs/default.jpg
2018-05-14T19:00:35.000Z,6 Boozy Recipes For Your Next Party,Shop the Tasty kitchenware collection here: http://bit.ly/2IooLS4 Check us out on Facebook! - facebook.com/buzzfeedtasty Credits: ...,https://i.ytimg.com/vi/BlpAuJJx5ow/default.jpg
2018-11-14T20:00:02.000Z,Which Celebrity Has The Best Apple Pie Recipe?,Check us out on Facebook! - facebook.com/buzzfeedtasty Credits: https://www.buzzfeed.com/bfmp/videos/71252 MUSIC SFX Provided By AudioBlocks ...,https://i.ytimg.com/vi/JtyGQwohA80/default.jpg
2017-07-19T16:00:47.000Z,4 Ways To Use Leftover Chicken,"Check out the Tasty One-Stop Shop for cookbooks, aprons, hats, and more at TastyShop.com: http://bit.ly/2mEBY0e Here is what you'll need! Teriyaki Chicken ...",https://i.ytimg.com/vi/UaUW-8FzNwg/default.jpg
2017-10-28T16:00:07.000Z,4 Romantic Dinners For Date Night,Reserve the One Top: http://bit.ly/2v0iast Get the recipes: http://bzfd.it/2gI2cuI Check us out on Facebook! - facebook.com/buzzfeedtasty Credits: ...,https://i.ytimg.com/vi/gbnoFH9Xync/default.jpg
2017-12-07T17:00:05.000Z,5 Soups To Warm The Soul,Buy the Tasty Cookbook Today: http://bit.ly/2zVLRyd Get the recipes: https://tasty.co/compilation/5-soups-to-warm-your-soul Check us out on Facebook!,https://i.ytimg.com/vi/nZ8RGWo0wwQ/default.jpg
2018-03-31T16:00:11.000Z,We Recreated The Original Nestlé Wonder Ball,Shop the Tasty kitchenware collection here: http://bit.ly/2IooLS4 Check us out on Facebook! - facebook.com/buzzfeedtasty Credits: ...,https://i.ytimg.com/vi/k8GZqNkOX38/default.jpg
2018-05-11T16:00:49.000Z,Home-Cooked Vs. $48 Pasta,"One couple, two dates. It's Night In Vs. Night Out! Get the recipe: https://tasty.co/recipe/easy-butternut-squash-ravioli Shop the Tasty kitchenware collection here: ...",https://i.ytimg.com/vi/ja9BzTROxio/default.jpg
2018-10-29T17:00:04.000Z,How To Make French “Chicken With Wine” (Coq Au Vin),Coq au... WHAT!? Recipes like coq au vin aren't difficult if you trust the process! Check us out on Facebook! - facebook.com/buzzfeedtasty Credits: ...,https://i.ytimg.com/vi/lESyM-fdgfE/default.jpg
2017-12-10T02:00:04.000Z,Fast Food Recipes You Can Make At Home,Get the recipes: https://tasty.co/recipe/homemade-big-massive-burger https://tasty.co/recipe/11-herbs-and-spices-fried-chicken ...,https://i.ytimg.com/vi/V6Vd1E9OL-U/default.jpg
2017-12-30T17:00:47.000Z,The Tastiest Pasta I've Ever Eaten,Buy the Tasty Cookbook Today: http://bit.ly/2zVLRyd Check us out on Facebook! - facebook.com/buzzfeedtasty Credits: ...,https://i.ytimg.com/vi/WiftqgijmYY/default.jpg
2018-05-19T15:00:33.000Z,I Tried To Make This Chocolate Crepe Cake,I've just been doing everything wrong my whole life.” Check us out on Facebook! - facebook.com/buzzfeedtasty Credits: ...,https://i.ytimg.com/vi/sOmVqjuUHAM/default.jpg
2018-11-02T19:30:00.000Z,Here's How To Make Alix's Banana Bread On A Stick Recipe,Follow Alix on Instagram @majortraeger Get the recipe: https://tasty.co/recipe/banana-bread-on-a-stick Check us out on Facebook!,https://i.ytimg.com/vi/OLoGULR-QHI/default.jpg
2018-11-02T19:30:00.000Z,Here's How To Make Alix's Banana Bread On A Stick Recipe,Follow Alix on Instagram @majortraeger Get the recipe: https://tasty.co/recipe/banana-bread-on-a-stick Check us out on Facebook!,https://i.ytimg.com/vi/OLoGULR-QHI/default.jpg
2018-05-04T16:00:23.000Z,Couple Tries Home-Cooked vs. $120 Roast Chicken,"One couple, two dates. It's Night In vs Night Out! Shop the Tasty kitchenware collection here: http://bit.ly/2IooLS4 Check us out on Facebook!",https://i.ytimg.com/vi/qCFb7U2s8cE/default.jpg
2018-04-20T16:00:30.000Z,Couple Tries Home Cooked Vs. $65 Pizza,"Get the recipe: https://tasty.co/recipe/double-stuffed-sheet-pan-pizza Shop the Tasty kitchenware collection here: http://bit.ly/2IooLS4 One couple, two dates.",https://i.ytimg.com/vi/dp6z35_rj5s/default.jpg
2017-07-16T16:00:37.000Z,Top 10 Tasty Breakfasts,"Check out the Tasty One-Stop Shop for cookbooks, aprons, hats, and more at TastyShop.com: http://bit.ly/2mEBY0e Here is what you'll need! #10 BLUEBERRY ...",https://i.ytimg.com/vi/zMBGwpEnRWM/default.jpg
2018-11-03T15:00:05.000Z,How To Make The Perfect Pie,Make the best crust of your life thanks to one secret ingredient. Get step by step directions here: https://bzfd.it/2Ojqnhr Check us out on Facebook!,https://i.ytimg.com/vi/SR4R7GHxU1w/default.jpg
2018-06-16T22:00:39.000Z,Street Treats Around Asia,Get the recipe here! - https://tasty.co/compilation/street-treats-from-around-asia Shop the Tasty kitchenware collection here: http://bit.ly/2IooLS4 Check us out on ...,https://i.ytimg.com/vi/YX_1-uSWtZI/default.jpg
2017-10-25T16:00:23.000Z,10 Creamy & Satisfying Pasta Dishes,Reserve the One Top: http://bit.ly/2v0iast Get all the recipes: http://bzfd.it/2zBQOrS Check us out on Facebook! - facebook.com/buzzfeedtasty Credits: ...,https://i.ytimg.com/vi/v41-SNTCCOw/default.jpg
2018-11-13T19:00:02.000Z,Ultimate Hot Chocolate Bar // Presented by Tasty & Amazon,Get everything you need for this holiday hot chocolate bar from Amazon. This is the BEST hot chocolate you'll ever have! bit.ly/2DdXEZN.,https://i.ytimg.com/vi/TOPXcgyUNW4/default.jpg
2018-07-14T22:00:58.000Z,4 Recipes Almost Too Cute To Eat,Get the recipe! - https://tasty.co/compilation/5-recipes-almost-too-cute-to-eat Shop the Tasty kitchenware collection here: http://bit.ly/2IooLS4 Check us out on ...,https://i.ytimg.com/vi/qAMrLNRA5Ws/default.jpg
2017-11-19T18:00:34.000Z,5 Egg Recipes For Breakfast Lovers,Buy the Tasty Cookbook Today: http://bit.ly/2zVLRyd Get the recipes here: http://bzfd.it/2zQSuiC Check us out on Facebook! - facebook.com/buzzfeedtasty ...,https://i.ytimg.com/vi/wAC4UTWw0r8/default.jpg
2017-11-19T18:00:34.000Z,5 Egg Recipes For Breakfast Lovers,Buy the Tasty Cookbook Today: http://bit.ly/2zVLRyd Get the recipes here: http://bzfd.it/2zQSuiC Check us out on Facebook! - facebook.com/buzzfeedtasty ...,https://i.ytimg.com/vi/wAC4UTWw0r8/default.jpg
2017-04-07T22:00:33.000Z,7 Easy Weekend Brunch Recipes,Check out all the recipes here!: http://bzfd.it/2nPY3aj Check us out on Facebook! - facebook.com/buzzfeedtasty MUSIC Funky Streets Licensed via Warner ...,https://i.ytimg.com/vi/8uwhD-PI3Y0/default.jpg
2017-05-08T22:00:53.000Z,How To Sharpen Dull Knives,"Here is what you'll need! Check out the Tasty One-Stop Shop for cookbooks, aprons, hats, and more at TastyShop.com: http://bit.ly/2mEBY0e. Check us out on ...",https://i.ytimg.com/vi/Wk3scs5FqCY/default.jpg
2018-10-14T19:00:03.000Z,Halloween Marble Bundt Cake,"Have the ultimate Halloween with Nifty and Tasty, with new videos every Sat & Sunday Get the recipe: https://tasty.co/recipe/halloween-bundt-cake Check us out ...",https://i.ytimg.com/vi/kmaQxPhqZf4/default.jpg
2018-09-17T22:00:02.000Z,"Cauliflower ""Meat"" 4 Ways",Get the recipe! - https://tasty.co/compilation/cauliflower-beefless-tacos Shop the Tasty kitchenware collection here: http://bit.ly/2IooLS4 Check us out on ...,https://i.ytimg.com/vi/Zv8z1Ghs8DA/default.jpg
2017-04-15T22:00:26.000Z,6 Late Night Snack Recipes,"Here is what you'll need! Recipe: Makes 30 cookies INGREDIENTS 2 cups butter, melted 2 cups packed brown sugar 2 cups granulated sugar 4 large eggs 1 ...",https://i.ytimg.com/vi/lha68ewDpq0/default.jpg
2018-02-09T23:00:39.000Z,4 Desserts You Can Make With Pie Crust,Reserve the One Top: http://bit.ly/2v0iast Check us out on Facebook! - facebook.com/buzzfeedtasty Credits: https://www.buzzfeed.com/bfmp/videos/47044 ...,https://i.ytimg.com/vi/yJpuYXmguVU/default.jpg
2017-11-30T20:00:29.000Z,6 Scrumptious Hot Dog Recipes,Reserve the One Top: http://bit.ly/2v0iast Get the recipes: http://bzfd.it/2juW2PR Check us out on Facebook! - facebook.com/buzzfeedtasty Credits: ...,https://i.ytimg.com/vi/vXBzaDQTzgs/default.jpg
2018-09-15T15:00:01.000Z,The Art of Handmade Pasta,"Two artisan pasta makers perform their craft, exploring a beautiful marriage between eggs and flour. Follow our Tasty video producer, Vaughn, on Instagram ...",https://i.ytimg.com/vi/1i_hs2-VYOU/default.jpg
2018-04-27T19:25:27.000Z,Couple Tries Home-Cooked Vs. $35 Sushi,"One couple, two dates. It's Night In vs Night Out! Get the recipe here: https://tasty.co/compilation/american-style-sushi-dinner-for-2 Check us out on Facebook!",https://i.ytimg.com/vi/usRWa3UtXNk/default.jpg
2018-10-20T15:00:00.000Z,What It Takes To Make A Wedding Cake,"Madison Lee is a master of her craft. At 31, she has established herself as one of the world's foremost cake artists and sugar flower experts. Distribution Notes: ...",https://i.ytimg.com/vi/6af8Sqzn5YM/default.jpg
2017-10-15T15:00:33.000Z,How To Cook Perfect Rice Every Time,Download the new Tasty app: http://tstyapp.com/m/mFqUXJtD3E Reserve the One Top: http://bit.ly/2v0iast Here is what you'll need! Rice Pilaf Servings: 4 ...,https://i.ytimg.com/vi/Xx7sxWI9FNI/default.jpg
2018-11-12T17:00:06.000Z,Homemade Apple Cider And Apple Cider Cupcakes,Get the recipes: https://tasty.co/compilation/homemade-apple-cider-and-apple-cider-cupcakes Check us out on Facebook! - facebook.com/buzzfeedtasty Credits: ...,https://i.ytimg.com/vi/HQVkFYfeN_g/default.jpg
2018-02-03T20:00:56.000Z,6 Easy Gourmet Date Nights,Valentine's Day is almost here! Here is what you'll need! https://tasty.co/compilation/6-easy-gourmet-date-nights Reserve the One Top: http://bit.ly/2v0iast Check ...,https://i.ytimg.com/vi/fnWWh1Q8-RE/default.jpg
2018-10-10T19:00:06.000Z,Behind Tasty: Giant Pudding,Like Tasty Japan on Facebook! https://www.facebook.com/buzzfeedtastyjapan/ Check us out on Facebook! - facebook.com/buzzfeedtasty Credits: ...,https://i.ytimg.com/vi/jE7LqJrkXGI/default.jpg
2016-10-19T00:00:01.000Z,Top 10 Tasty Desserts,See instructions here!: 10. Strawberry Cheesecake Poke Cake - https://www.youtube.com/watch?v=eP_0oBSdDBY 9. Slow Cooker Peach Cobbler ...,https://i.ytimg.com/vi/-D8MOeH9oYk/default.jpg
2017-11-29T20:00:10.000Z,9 Easy 3-Ingredient Desserts,Shop now: https://tastyshop.com/ Here is what you'll need! https://tasty.co/recipe/triple-decker-box-brownies-easy-dessert ...,https://i.ytimg.com/vi/03_EDK9Sn_E/default.jpg
2017-12-07T02:00:01.000Z,6 High-Protein Vegetarian Dinners,Buy the Tasty Cookbook Today: http://bit.ly/2zVLRyd Check us out on Facebook! - facebook.com/buzzfeedtasty Credits: ...,https://i.ytimg.com/vi/Sf0miHIujeI/default.jpg
2018-10-30T22:00:02.000Z,Crispy Beer Battered Fish Tacos vs. Shrimp Tacos,Recipes for beer battered fish tacos and beer battered shrimp tacos Check us out on Facebook! - facebook.com/buzzfeedtasty Credits: ...,https://i.ytimg.com/vi/P8XyPjCa6ik/default.jpg
2017-08-22T01:00:39.000Z,The Tastiest Burger I've Ever Eaten,Download the new Tasty app: http://tstyapp.com/m/mFqUXJtD3E Reserve the One Top: http://bit.ly/2v0iast Tasty's personal favorite burgers in Los Angeles.,https://i.ytimg.com/vi/3LELwZrbCxY/default.jpg
2018-07-25T22:00:52.000Z,Banana Pudding Cheesecake,Get the recipe! - https://tasty.co/recipe/banana-pudding-cheesecake Shop the Tasty kitchenware collection here: http://bit.ly/2IooLS4 Check us out on Facebook!,https://i.ytimg.com/vi/L3vYEQGyNY0/default.jpg
2018-10-15T19:00:01.000Z,Mexican Sopes with Diana and Elvira,Check us out on Facebook! - facebook.com/buzzfeedtasty Credits: https://www.buzzfeed.com/bfmp/videos/67531 MUSIC Licensed via Audio Network.,https://i.ytimg.com/vi/QZxXyvNhgc4/default.jpg
2018-04-24T22:00:57.000Z,How To Be A Better Baker,Shop the Tasty kitchenware collection here: http://bit.ly/2IooLS4 Check us out on Facebook! - facebook.com/buzzfeedtasty Credits: ...,https://i.ytimg.com/vi/139EVHdwZGI/default.jpg
2018-11-04T23:00:02.000Z,Ultimate Green Bean Casserole,Check us out on Facebook! - facebook.com/buzzfeedtasty https://bzfd.it/2JGXKKs Find all of our Thanksgiving recipes and guides here: ...,https://i.ytimg.com/vi/I6PXKSiJchU/default.jpg
2018-10-13T19:00:03.000Z,5 Recipes To Help You Get Over A Breakup,Check us out on Facebook! - facebook.com/buzzfeedtasty Credits: https://www.buzzfeed.com/bfmp/videos/68324 MUSIC SFX Provided By AudioBlocks ...,https://i.ytimg.com/vi/lwplXMh24QE/default.jpg
2016-10-04T23:00:00.000Z,The Easiest Way To Peel Garlic,We tested out four popular hacks to find out which was the best. Check us out on Facebook! - facebook.com/buzzfeedtasty MUSIC Canes And Spats Licensed ...,https://i.ytimg.com/vi/Dtck2h6U62c/default.jpg
2018-10-13T15:00:10.000Z,How Cheese Is Made,"""The better the milk, the better the cheese. Everybody believes that."" Beecher's Handmade Cheese: http://beechershandmadecheese.com/ 5 Spoke Creamery: ...",https://i.ytimg.com/vi/wxm8jTzU_8o/default.jpg
2017-10-08T18:00:46.000Z,How To Bake Perfect Desserts,Download the new Tasty app: http://tstyapp.com/m/mFqUXJtD3E Reserve the One Top: http://bit.ly/2v0iast Check us out on Facebook!,https://i.ytimg.com/vi/uQLZhNByLNs/default.jpg
2018-11-06T23:00:04.000Z,Turkey Roulade,"This turkey roulade with sausage stuffing will not only impress guests, but be ready in a fraction of the time as cooking a whole bird. Get ready for Thanksgiving ...",https://i.ytimg.com/vi/vM-nk1NxnKc/default.jpg
2018-11-01T16:00:12.000Z,Cheddar-Crusted Bacon Broccoli Quiche,Get the recipe: https://tasty.co/recipe/cheddar-crusted-bacon-broccoli-quiche Check us out on Facebook! - facebook.com/buzzfeedtasty Credits: ...,https://i.ytimg.com/vi/ldDAt-vPCY0/default.jpg
2018-09-29T15:00:02.000Z,The Magic Of Bread Making,Making bread is a time-consuming but magical process. Follow the producer: @vaughn Follow L'Imprimerie: @limprimerie http://limprimerie.nyc/ Follow Breads ...,https://i.ytimg.com/vi/EGbNI26PPYg/default.jpg
2018-11-08T23:00:00.000Z,5 Tasty Gingerbread Treats,Get the recipe: https://tasty.co/compilation/gingerbread-treats-5-ways Check us out on Facebook! - facebook.com/buzzfeedtasty Credits: ...,https://i.ytimg.com/vi/HgwxNrmOuew/default.jpg
2018-07-31T01:00:32.000Z,How Korean Fried Chicken Is Made,www.pelicanausa.com instagram: https://www.instagram.com/pelicanachicken/ twitter: https://twitter.com/Pelicanachickens Pelicana Chicken — 4708 Greenpoint ...,https://i.ytimg.com/vi/MP6FWizMJDQ/default.jpg
2017-11-27T17:04:34.000Z,7 Recipes For Anyone Who Loves Fries,Buy the Tasty Cookbook Today: http://bit.ly/2zVLRyd Get the recipes: http://bzfd.it/2hTe6mi Check us out on Facebook! - facebook.com/buzzfeedtasty Credits: ...,https://i.ytimg.com/vi/uKoCArmHD7Y/default.jpg
2018-04-13T22:00:49.000Z,Couple Tries Home-Cooked Vs. $45 Burgers,"One couple, two dates. It's Night In vs Night Out! Shop the Tasty kitchenware collection here: http://bit.ly/2IooLS4 Check us out on Facebook!",https://i.ytimg.com/vi/6nuiH-gzmIM/default.jpg
2018-04-13T22:00:49.000Z,Couple Tries Home-Cooked Vs. $45 Burgers,"One couple, two dates. It's Night In vs Night Out! Shop the Tasty kitchenware collection here: http://bit.ly/2IooLS4 Check us out on Facebook!",https://i.ytimg.com/vi/6nuiH-gzmIM/default.jpg
2018-01-20T20:00:59.000Z,8 Epic Lasagnas,Buy the Tasty Cookbook Today: http://bit.ly/2zVLRyd Here is what you'll need! https://tasty.co/recipe/chicken-parm-lasagna https://tasty.co/recipe/potato-lasagna ...,https://i.ytimg.com/vi/Yd_gvFUaji4/default.jpg
2018-04-20T22:00:40.000Z,How To Make Show-Stopping Dinners,Get the recipe: https://tasty.co/compilation/how-to-make-show-stopping-dinners Shop the Tasty kitchenware collection here: http://bit.ly/2IooLS4 Check us out on ...,https://i.ytimg.com/vi/nUrMrPzbkis/default.jpg
2018-11-10T20:00:05.000Z,6 Tasty Low-Carb Breakfast,Check us out on Facebook! - facebook.com/buzzfeedtasty Credits: https://www.buzzfeed.com/bfmp/videos/70338 MUSIC Licensed via Audio Network.,https://i.ytimg.com/vi/oVNTOz921hQ/default.jpg
2018-08-28T23:00:00.000Z,Mesmerizing Rainbow Recipes,Get the recipe: https://tasty.co/compilation/mesmerizing-rainbow-recipes Check us out on Facebook! - facebook.com/buzzfeedtasty Credits: ...,https://i.ytimg.com/vi/EGD19oVKty4/default.jpg
2018-09-08T01:00:01.000Z,Veggie Sushi 4 Ways,Get the recipes: https://tasty.co/recipe/veggie-sushi-4-ways Check us out on Facebook! - facebook.com/buzzfeedtasty Credits: ...,https://i.ytimg.com/vi/eEDgX6QtJBQ/default.jpg
2018-11-09T20:00:00.000Z,Chrissy Teigen Makes Jalapeño Cheddar Corn Pudding,"Watch as Chrissy Teigen makes jalapeño cheddar corn pudding from her new cookbook “Cravings: Hungry For More” with Tasty, now available on Google ...",https://i.ytimg.com/vi/8KqEdW3j4Cs/default.jpg
2018-08-25T22:00:05.000Z,4 Back-To-School Snacks,Get the recipe: https://tasty.co/compilation/4-back-to-school-snacks Check us out on Facebook! - facebook.com/buzzfeedtasty Credits: ...,https://i.ytimg.com/vi/kLxWOlSMvFw/default.jpg
2018-10-11T22:00:01.000Z,How I Make My Favorite Hispanic Recipes,Check us out on Facebook! - facebook.com/buzzfeedtasty Credits: https://www.buzzfeed.com/bfmp/videos/66702 MUSIC Licensed via Audio Network.,https://i.ytimg.com/vi/4ZgFO-O0-Ek/default.jpg
2018-11-06T20:00:02.000Z,7 Fall Cinnamon Breakfast Treats,Get the recipes: https://tasty.co/compilation/7-fall-cinnamon-breakfasts Check us out on Facebook! - facebook.com/buzzfeedtasty Credits: ...,https://i.ytimg.com/vi/VgLFf7MWR-U/default.jpg
2018-11-11T23:00:00.000Z,"Keto Bacon Cauliflower ""Mac"" and Cheese",Get the recipe: https://tasty.co/recipe/keto-bacon-cauliflower-mac-n-cheese Check us out on Facebook! - facebook.com/buzzfeedtasty Credits: ...,https://i.ytimg.com/vi/_iQ-Rb1ohDU/default.jpg
2018-07-25T19:00:40.000Z,Homemade Food Truck Favorites,Get the recipe! - https://tasty.co/compilation/homemade-food-truck-favorites Check us out on Facebook! - facebook.com/buzzfeedtasty Credits: ...,https://i.ytimg.com/vi/ENul9uLFcYA/default.jpg
2018-01-21T02:00:00.000Z,Snacks From The 90's You Can Make at Home,Reserve the One Top: http://bit.ly/2v0iast Check us out on Facebook! - facebook.com/buzzfeedtasty Credits: https://www.buzzfeed.com/bfmp/videos/44333 ...,https://i.ytimg.com/vi/5gicCz8pLxM/default.jpg
2018-04-08T15:00:40.000Z,How To Cook Perfect Potatoes,https://www.buzzfeed.com/marietelling/how-to-cook-potatoes?utm_term=.pbdOMgAEx#.klwW3V60D Shop the Tasty kitchenware collection here: ...,https://i.ytimg.com/vi/BWYA0CYJV74/default.jpg
2018-11-10T23:00:01.000Z,7 Nights Of Pastas,Check us out on Facebook! - facebook.com/buzzfeedtasty Credits: https://www.buzzfeed.com/bfmp/videos/69888 MUSIC Licensed via Audio Network.,https://i.ytimg.com/vi/EenL6NTwsSk/default.jpg
2018-11-10T23:00:01.000Z,7 Nights Of Pastas,Check us out on Facebook! - facebook.com/buzzfeedtasty Credits: https://www.buzzfeed.com/bfmp/videos/69888 MUSIC Licensed via Audio Network.,https://i.ytimg.com/vi/EenL6NTwsSk/default.jpg
2017-12-09T23:00:01.000Z,Ultimate Bacon Recipes,Buy the Tasty Cookbook Today: http://bit.ly/2zVLRyd Here is what you'll need! INGREDIENTS 3½ cups of ground chicken breast 1 cup of flour 2 eggs 1 chopped ...,https://i.ytimg.com/vi/1bSDtlARvPI/default.jpg
2018-09-19T19:00:03.000Z,Chicken Alfredo Ravioli Lasagna,Shop the Tasty kitchenware collection here: http://bit.ly/2IooLS4 Check us out on Facebook! - facebook.com/buzzfeedtasty Credits: ...,https://i.ytimg.com/vi/_RInG1zf9XI/default.jpg
2018-09-15T19:00:02.000Z,Shila’s Grandmother’s Picante de Carne,A dedication to Grandma Olinda Follow Shila on Instagram: http://instagram.com/shilasayz Get the recipe!,https://i.ytimg.com/vi/gngfq-5WuOY/default.jpg
2017-10-05T01:00:18.000Z,9 Delicious Vegan-Friendly Dinners,Download the new Tasty app: http://tstyapp.com/m/mFqUXJtD3E Reserve the One Top: http://bit.ly/2v0iast Here is what you'll need!,https://i.ytimg.com/vi/U_FNr5-m5EA/default.jpg
2018-05-30T19:00:11.000Z,7 Low-Carb Veggie Dinners,Check us out on Facebook! - facebook.com/buzzfeedtasty Credits: https://www.buzzfeed.com/bfmp/videos/58296 MUSIC Licensed via Audio Network.,https://i.ytimg.com/vi/oekdGwoMWYI/default.jpg
2018-05-16T16:47:37.000Z,Ramadan Dishes for Suhoor & Iftar,Here's what Bim and Ahmed cook during Ramadan to start and break their fasting! Get the recipe: https://tasty.co/compilation/tasty-story-ramadan Shop the Tasty ...,https://i.ytimg.com/vi/5I0Eit1wD34/default.jpg
2018-08-25T19:00:00.000Z,5 Fork-less Finger Foods,Check us out on Facebook! - facebook.com/buzzfeedtasty Get the recipe here! https://tasty.co/compilation/5-fork-less-finger-foods Credits: ...,https://i.ytimg.com/vi/51_s5ENCySU/default.jpg
2018-03-08T02:00:37.000Z,10 Ways To Make Chicken Nuggets,Reserve the One Top: http://bit.ly/2v0iast Check us out on Facebook! - facebook.com/buzzfeedtasty Credits: https://www.buzzfeed.com/bfmp/videos/50047 ...,https://i.ytimg.com/vi/iqZ_fDuCi7g/default.jpg
2018-09-30T01:00:00.000Z,I Went To Los Angeles To Make The Most Difficult Macarons,Check out Honey and Butter's Instagram for more info! https://www.instagram.com/honeyandbutter/ Check us out on Facebook! - facebook.com/buzzfeedtasty ...,https://i.ytimg.com/vi/AiuaNdojLbo/default.jpg
2018-09-22T15:00:04.000Z,The Art Of Homemade Ice Cream,Follow Vaughn on Instagram @vaughn Follow Mikey Likes It: @mikeylikesiticecream https://mikeylikesiticecream.com/ Follow Gelato Giusto: @gelatogiustonyc ...,https://i.ytimg.com/vi/W2aump1xQ2s/default.jpg
2018-02-04T02:00:45.000Z,6 Amazing Dairy-Free Breakfasts,Get the recipes: https://tasty.co/compilation/6-amazing-dairy-free-breakfasts Reserve the One Top: http://bit.ly/2v0iast Check us out on Facebook!,https://i.ytimg.com/vi/Jfy71Lp-8MA/default.jpg
2018-05-28T01:00:14.000Z,5 Mind-Blowing Layered Recipes,Get the recipe: https://tasty.co/compilation/5-mind-blowing-layered-recipes Shop the Tasty kitchenware collection here: http://bit.ly/2IooLS4 Check us out on ...,https://i.ytimg.com/vi/Qkk_XHbBEsQ/default.jpg
2018-09-05T22:00:00.000Z,Vegan Pho,Get the recipe! - https://tasty.co/recipe/how-to-make-vegan-pho Shop the Tasty kitchenware collection here: http://bit.ly/2IooLS4 Check us out on Facebook!,https://i.ytimg.com/vi/97K1SyYegaM/default.jpg
2018-11-12T23:00:02.000Z,How To Make The Best Mashed Potatoes,A step-by-step guide to creating your ultimate Thanksgiving mash: https://www.buzzfeed.com/jesseszewczyk/how-to-make-mashed-potatoes Credits: ...,https://i.ytimg.com/vi/I6PAugUkjAg/default.jpg
2018-09-26T19:00:00.000Z,4 Upgraded Bagel Recipes,Shop the Tasty kitchenware collection here: http://bit.ly/2IooLS4 Check us out on Facebook! - facebook.com/buzzfeedtasty Credits: ...,https://i.ytimg.com/vi/49qA1Cz_eYU/default.jpg
2018-11-08T20:00:04.000Z,Why I Started Tasty Vegetarian,Check out all of our Vegetarian videos: http://bit.ly/2ATKsrl Follow Merle on instagram @merleeshay Check us out on Facebook! - facebook.com/buzzfeedtasty ...,https://i.ytimg.com/vi/NDthpUqbFfM/default.jpg
2017-08-31T01:00:02.000Z,5 Easy After School Snacks,Download the new Tasty app: http://tstyapp.com/m/mFqUXJtD3E Reserve the One Top: http://bit.ly/2v0iast Check us out on Facebook!,https://i.ytimg.com/vi/mgjk7HUg1y4/default.jpg
2018-09-22T22:00:02.000Z,Homemade Tamales Around Latin America,Homemade Tamales are SO delicious! Did you know all these different varieties from around Latin America? We may need a part 2 and 3! Get the recipes!,https://i.ytimg.com/vi/eB41-Y7vPlM/default.jpg
2018-01-28T23:00:53.000Z,5 Delicious Pork Recipes,Buy the Tasty Cookbook Today: http://bit.ly/2zVLRyd Here is what you'll need! https://tasty.co/recipe/slow-cooker-carnitas ...,https://i.ytimg.com/vi/dOy9mohYW80/default.jpg
2018-01-28T23:00:53.000Z,5 Delicious Pork Recipes,Buy the Tasty Cookbook Today: http://bit.ly/2zVLRyd Here is what you'll need! https://tasty.co/recipe/slow-cooker-carnitas ...,https://i.ytimg.com/vi/dOy9mohYW80/default.jpg
2018-11-15T02:00:01.000Z,Midweek Diet Cheat Meals That Are Totally Worth It,Get the recipes: https://tasty.co/compilation/mid-week-diet-cheats Check us out on Facebook! - facebook.com/buzzfeedtasty Credits: ...,https://i.ytimg.com/vi/J-VSxEGus4U/default.jpg
2018-10-11T19:00:04.000Z,5 Tasty Noodle Recipes,Check us out on Facebook! - facebook.com/buzzfeedtasty Credits: https://www.buzzfeed.com/bfmp/videos/68309 MUSIC Licensed via Audio Network.,https://i.ytimg.com/vi/gElJoZHod-U/default.jpg
2018-11-09T02:00:01.000Z,17 Microwaveable Late-Night Snacks,Check us out on Facebook! - facebook.com/buzzfeedtasty Credits: https://www.buzzfeed.com/bfmp/videos/70289 MUSIC Licensed via Audio Network.,https://i.ytimg.com/vi/iARG9TXtlFI/default.jpg
2018-10-18T16:00:05.000Z,Pumpkin Chili Cheese Dip,Check us out on Facebook! - facebook.com/buzzfeedtasty Credits: https://www.buzzfeed.com/bfmp/videos/68657 MUSIC Licensed via Audio Network.,https://i.ytimg.com/vi/Jn2SLRrW2hU/default.jpg
2017-12-04T02:00:29.000Z,6 Ways To Use Leftover Rice,Buy the Tasty Cookbook Today: http://bit.ly/2zVLRyd Check us out on Facebook! - facebook.com/buzzfeedtasty Credits: ...,https://i.ytimg.com/vi/BGVmFZ9o_Zc/default.jpg
2016-08-19T00:00:00.000Z,9 Recipes For Chocolate Lovers,Check out all the videos here: Chocolate stuffed strawberries: https://www.facebook.com/photo.php?v=1703603366558972 Cookie Dough Cheesecake ...,https://i.ytimg.com/vi/FBtxOTUxvd0/default.jpg
2018-10-20T19:00:07.000Z,Kids Try Vegemite For The First Time,"""This tastes sweet, sour and bitter..."" Check us out on Facebook! - facebook.com/buzzfeedtasty Credits: https://www.buzzfeed.com/bfmp/videos/68160 MUSIC ...",https://i.ytimg.com/vi/guE9zfwpCwY/default.jpg
2018-11-14T02:00:02.000Z,Creamy & Satisfying Pasta Recipes,Get the recipe: https://tasty.co/compilation/creamy-satisfying-pasta-recipes Check us out on Facebook! - facebook.com/buzzfeedtasty Credits: ...,https://i.ytimg.com/vi/unPF_SkWP7k/default.jpg
2018-09-29T22:00:02.000Z,Late Night Snacks pt. 2,Get the recipe! - https://tasty.co/compilation/late-night-snacks-pt-2 Shop the Tasty kitchenware collection here: http://bit.ly/2IooLS4 Check us out on Facebook!,https://i.ytimg.com/vi/NRxu32EmWRY/default.jpg
2017-11-26T02:00:45.000Z,6 Delicious Foods To Share With Friends,Buy the Tasty Cookbook Today: http://bit.ly/2zVLRyd Get the recipes: http://bzfd.it/2AmdH73 Check us out on Facebook! - facebook.com/buzzfeedtasty Credits: ...,https://i.ytimg.com/vi/li7M7RBJP_M/default.jpg
2018-11-12T19:00:09.000Z,No-Bake Chocolate Peanut Butter Cheesecake Bars,,https://i.ytimg.com/vi/qhZ9_cn4ysU/default.jpg
2018-09-09T22:00:00.000Z,24 Dorm-Friendly Microwave Meals,Shop the Tasty kitchenware collection here: http://bit.ly/2IooLS4 Check us out on Facebook! - facebook.com/buzzfeedtasty Credits: ...,https://i.ytimg.com/vi/IlZluRmjiB8/default.jpg
2017-11-22T02:00:18.000Z,Healthier Versions Of Your Favorite Take-Out Foods,Buy the Tasty Cookbook Today: http://bit.ly/2zVLRyd Get the recipes: http://bzfd.it/2zcJD9X Check us out on Facebook! - facebook.com/buzzfeedtasty Credits: ...,https://i.ytimg.com/vi/zq6z-yv1ZVA/default.jpg
2016-04-27T20:00:01.000Z,No-Bake Peanut Butter Pie Jars,"Here is what you'll need! INGREDIENTS 1 cup powdered sugar 8 ounces cream cheese, softened 1 cup creamy peanut butter 16 ounces whipped topping, ...",https://i.ytimg.com/vi/1r9A9u1V6SQ/default.jpg
2018-10-09T22:00:03.000Z,Vegan Cupcakes 4 Ways,Get the recipe! — https://tasty.co/compilation/vegan-cupcakes-4-ways Check us out on Facebook! - facebook.com/buzzfeedtasty Credits: ...,https://i.ytimg.com/vi/kS9lmis6cPQ/default.jpg
2018-02-03T23:00:57.000Z,9 Mind-Blowing Party Food Rolls,Reserve the One Top: http://bit.ly/2v0iast Check us out on Facebook! - facebook.com/buzzfeedtasty Credits: https://www.buzzfeed.com/bfmp/videos/46429 ...,https://i.ytimg.com/vi/ndfH3x2w_nA/default.jpg
2018-11-09T20:00:02.000Z,4 Holiday Slow Cooker Cocktails,Get the recipes: https://tasty.co/compilation/4-slow-cooker-cocktails-to-serve-at-your-next-holiday-party Find all of our Thanksgiving recipes and guides here: ...,https://i.ytimg.com/vi/XoGNTEURj5s/default.jpg
2018-10-29T19:00:05.000Z,No-Recipe Challenge: French Omelette,Check us out on Facebook! - facebook.com/buzzfeedtasty Credits: https://www.buzzfeed.com/bfmp/videos/68955 MUSIC This Is The Life_Main Licensed via ...,https://i.ytimg.com/vi/rTRrPkowSRE/default.jpg
2018-10-26T22:00:04.000Z,4 Hearty Fall Pastas,Get the recipes: https://tasty.co/compilation/fall-pastas Check us out on Facebook! - facebook.com/buzzfeedtasty Credits: ...,https://i.ytimg.com/vi/xeRHJOAIaNI/default.jpg
2018-10-26T22:00:04.000Z,4 Hearty Fall Pastas,Get the recipes: https://tasty.co/compilation/fall-pastas Check us out on Facebook! - facebook.com/buzzfeedtasty Credits: ...,https://i.ytimg.com/vi/xeRHJOAIaNI/default.jpg
2018-10-17T19:00:01.000Z,5 Popular Mexican Desserts,Check us out on Facebook! - facebook.com/buzzfeedtasty Credits: https://www.buzzfeed.com/bfmp/videos/69009 MUSIC Licensed via Audio Network.,https://i.ytimg.com/vi/IVIohhpMzMY/default.jpg
2018-10-13T22:00:03.000Z,4 Sweet Potato Breakfasts,Get the recipe: https://tasty.co/compilation/sweet-potato-breakfasts Check us out on Facebook! - facebook.com/buzzfeedtasty Credits: ...,https://i.ytimg.com/vi/qfom7GXK_70/default.jpg
2018-10-19T22:00:00.000Z,Game Day Appetizers Part 2,Get the recipes: https://tasty.co/compilation/game-day-appetizers-part-2 Check us out on Facebook! - facebook.com/buzzfeedtasty Credits: ...,https://i.ytimg.com/vi/0rGFsVAkHtc/default.jpg
2018-09-26T22:00:02.000Z,10 Homemade Churro Recipes,Shop the Tasty kitchenware collection here: http://bit.ly/2IooLS4 Check us out on Facebook! - facebook.com/buzzfeedtasty Credits: ...,https://i.ytimg.com/vi/ha48RL9Wm8Y/default.jpg
2018-10-23T19:00:08.000Z,Killer Halloween Recipes and Decorations,Check us out on Facebook! - facebook.com/buzzfeedtasty Credits: https://www.buzzfeed.com/bfmp/videos/68737 MUSIC Licensed via Audio Network.,https://i.ytimg.com/vi/juKWOTRpbsg/default.jpg
2018-10-17T16:00:09.000Z,Homemade Shrimp And Lobster Fest,Check us out on Facebook! - facebook.com/buzzfeedtasty Credits: https://www.buzzfeed.com/bfmp/videos/67304 MUSIC Licensed via Audio Network.,https://i.ytimg.com/vi/pPFg51b3mMI/default.jpg
2018-11-08T16:00:05.000Z,Impressive Thanksgiving pies,Get the recipes: https://tasty.co/compilation/impressive-thanksgiving-pies Find all of our Thanksgiving recipes and guides here: https://tasty.co/thanksgiving ...,https://i.ytimg.com/vi/nae5VL1Ea9g/default.jpg
2018-08-23T22:00:00.000Z,Epic Party Dishes,Get the recipes: https://tasty.co/compilation/epic-party-dishes Check us out on Facebook! - facebook.com/buzzfeedtasty Credits: ...,https://i.ytimg.com/vi/6LrGPJruKcQ/default.jpg
2018-10-06T22:00:05.000Z,The Ultimate Guide To Eggs,"Credits: https://www.buzzfeed.com/bfmp/videos/66317 Subscribe to Goodful for all your healthy lifestyle needs, from food to fitness and everything in between!",https://i.ytimg.com/vi/ob2XRPezeyI/default.jpg
2018-11-01T22:00:05.000Z,5 Scalloped Potato Recipes,Get the recipes: https://tasty.co/compilation/5-scalloped-potato-recipes Check us out on Facebook! - facebook.com/buzzfeedtasty Credits: ...,https://i.ytimg.com/vi/ufvkklHEeMI/default.jpg
2018-11-09T23:00:00.000Z,12 Thanksgiving Sides With a Twist,Find all of our Thanksgiving recipes and guides here: https://tasty.co/thanksgiving Check us out on Facebook! - facebook.com/buzzfeedtasty Credits: ...,https://i.ytimg.com/vi/Dv6Tm-pv208/default.jpg
2016-10-26T21:00:00.000Z,Easy BBQ Chicken Ring,"Here is what you'll need! Easy BBQ Chicken Ring Serves 4-6 INGREDIENTS 2 ½ cups cooked chicken, shredded 1 cup red onion, diced 1 cup BBQ sauce 1 cup ...",https://i.ytimg.com/vi/NmgU-QMpZnY/default.jpg
2018-09-21T16:00:03.000Z,43 Easy 3-Ingredient Recipes,Shop the Tasty kitchenware collection here: http://bit.ly/2IooLS4 Check us out on Facebook! - facebook.com/buzzfeedtasty Credits: ...,https://i.ytimg.com/vi/IFe6ag34eMg/default.jpg
2018-11-13T20:00:01.000Z,Keto-Friendly Lasagne Dinner,These cabbage lasagne dome & garlic cauliflower mash recipes are a delicious way to enjoy a keto-friendly version of beloved comfort foods. Check us out on ...,https://i.ytimg.com/vi/P6vlwEZ7TQ0/default.jpg
2018-11-13T17:00:10.000Z,Mexican Carnitas As Made By Claudette Zepeda-Wilkins,Get the recipe: https://tasty.co/recipe/mexican-carnitas-as-made-by-claudette Follow Claudette on Instagram @claudettezepedawilkins Check us out on ...,https://i.ytimg.com/vi/sghWzzRvIXE/default.jpg
2018-09-24T19:00:01.000Z,Kenyan Barbecue: Restaurant vs. Homemade,We travel to Kenya to learn about the local styles of barbecuing meat. Carnivore Restaurant's Website: http://www.tamarind.co.ke/restaurant.php?carnivore Shop ...,https://i.ytimg.com/vi/SkRQMxDd55M/default.jpg
2018-11-03T01:00:00.000Z,Vegetable Gratin 3-Ways,Get the recipe: https://tasty.co/recipe/vegetable-gratin-3-ways Check us out on Facebook! - facebook.com/buzzfeedtasty Credits: ...,https://i.ytimg.com/vi/0lBMQGl4ZXw/default.jpg
2018-11-13T02:00:03.000Z,Stuffing Vs. Dressing,Find all of our Thanksgiving recipes and guides here: https://tasty.co/thanksgiving Get the recipe: https://tasty.co/recipe/stuffing-vs-dressing Check us out on ...,https://i.ytimg.com/vi/XXPIWJCuRXU/default.jpg
2018-09-29T01:00:02.000Z,Irresistible Burgers From Around The World,Check out Buzzfeed's travel channel Bring Me! - https://www.youtube.com/bringme Check us out on Facebook! - facebook.com/buzzfeedtasty Credits: ...,https://i.ytimg.com/vi/RxaazmFnOuo/default.jpg
2018-09-29T01:00:02.000Z,Irresistible Burgers From Around The World,Check out Buzzfeed's travel channel Bring Me! - https://www.youtube.com/bringme Check us out on Facebook! - facebook.com/buzzfeedtasty Credits: ...,https://i.ytimg.com/vi/RxaazmFnOuo/default.jpg
2018-10-06T15:00:05.000Z,The Magic Of Candy Making,Candy is a mesmerizing process that takes the utmost skill and patience to perfect. These two New York-based women are at the top of their craft. Distribution ...,https://i.ytimg.com/vi/dnCmOc6EAHI/default.jpg
2018-11-13T23:00:02.000Z,How To Host A Vegan Thanksgiving,Get the recipes: https://tasty.co/compilation/vegan-thanksgiving-tasty-story Check us out on Facebook! - facebook.com/buzzfeedtasty Credits: ...,https://i.ytimg.com/vi/fJOKUQqvUCQ/default.jpg
2018-11-03T17:00:03.000Z,Voting Party Cookies,Rock your vote with these Voting Party Cookies Need help registering and getting ready to VOTE? Sign up at TurboVote and get access to a 50% off Lyft ...,https://i.ytimg.com/vi/NHPiS_tH4pM/default.jpg
2018-11-11T02:00:01.000Z,Giant Zebra Cake,A giant version of the classic zebra cakes Get the recipe: https://tasty.co/recipe/giant-zebra-box-cake Check us out on Facebook! - facebook.com/buzzfeedtasty ...,https://i.ytimg.com/vi/Tvowsq2Fk5w/default.jpg
2018-09-07T01:00:01.000Z,Taco Cups 4 Ways,Get the recipe: https://tasty.co/compilation/mini-tacos-bowls Shop the Tasty kitchenware collection here: http://bit.ly/2IooLS4 Check us out on Facebook!,https://i.ytimg.com/vi/FsVXVVBfBeI/default.jpg
2018-10-16T22:00:03.000Z,Delicious Potato Recipes Part 2,Check us out on Facebook! - facebook.com/buzzfeedtasty Credits: https://www.buzzfeed.com/bfmp/videos/68551 MUSIC Licensed via Audio Network.,https://i.ytimg.com/vi/txXZ9liTgec/default.jpg
2018-10-05T18:00:05.000Z,French Onion Rings // Presented by Tasty & Dean's Dip,What's the secret to the best onion rings ever? Use Dean's French Onion Dip in the batter! Game. Changer. http://bit.ly/DeansOffer.,https://i.ytimg.com/vi/UKSRuGfyGFY/default.jpg
2018-10-19T17:00:07.000Z,Tasty Inspired Recipes From Mexico,Get the recipes: https://tasty.co/compilation/tasty-inspired-recipes-from-mexico Check us out on Facebook! - facebook.com/buzzfeedtasty Credits: ...,https://i.ytimg.com/vi/f_iUVrPq2ZA/default.jpg
2018-11-04T20:00:01.000Z,We Tried Salvador Dali's Strange Egg Recipe,Check us out on Facebook! - facebook.com/buzzfeedtasty Credits: https://www.buzzfeed.com/bfmp/videos/69474.,https://i.ytimg.com/vi/FEKbjl2sx3g/default.jpg
2018-07-29T19:00:46.000Z,Fun Summer Grilling Recipes,Get the recipe! - https://tasty.co/compilation/fun-summer-grilling-recipes Shop the Tasty kitchenware collection here: http://bit.ly/2IooLS4 Check us out on ...,https://i.ytimg.com/vi/FiaAViEazXw/default.jpg
2017-10-12T01:00:13.000Z,The 20 Best Cheesecake Recipes,Download the new Tasty app: http://tstyapp.com/m/mFqUXJtD3E Reserve the One Top: http://bit.ly/2v0iast Get all the recipes: http://bzfd.it/2gtuY2K Check us out ...,https://i.ytimg.com/vi/yebg_rpx_oU/default.jpg
2018-11-07T16:00:02.000Z,Maple Hazelnut Squash and Sausage Stuffing,Get ready for Thanksgiving with Tasty: http://bit.ly/2ySQAhV Find all of our Thanksgiving recipes and guides here: https://tasty.co/thanksgiving Get the recipe: ...,https://i.ytimg.com/vi/7dPcKTjbL8o/default.jpg
2018-11-06T19:00:03.000Z,Baked Apple Chips And Caramel Yogurt Dip // Presented By Incredibles 2,"Snack on these baked apple chips and caramel yogurt dip during your next movie night with #Incredibles2! Now on Digital, Movies Anywhere & Blu-ray: ...",https://i.ytimg.com/vi/gjY5TZN56nM/default.jpg
2018-10-18T22:00:00.000Z,17 Tasty Pie Recipes,Check us out on Facebook! - facebook.com/buzzfeedtasty Credits: https://www.buzzfeed.com/bfmp/videos/68681 MUSIC Licensed via Audio Network.,https://i.ytimg.com/vi/A5rUhGZk4ds/default.jpg
2017-11-02T16:00:32.000Z,25 Chicken Recipes,Reserve the One Top: http://bit.ly/2v0iast Looking for a specific recipe? Here's the list of them in order: 00:10 Creamy Chicken Bacon Pesto Pasta ...,https://i.ytimg.com/vi/jPOxWOE-3Xk/default.jpg
2018-09-27T19:00:04.000Z,21 Of The Best Tasty Cakes,Shop the Tasty kitchenware collection here: http://bit.ly/2IooLS4 Check us out on Facebook! - facebook.com/buzzfeedtasty Credits: ...,https://i.ytimg.com/vi/LVMcHL-9NTY/default.jpg
2018-09-23T15:00:04.000Z,The Three Places You Have To Eat In Los Angeles,"Tasty and American Express Pay It Plan It Present Friend In Town. Terms Apply. Visit AmericanExpress.com/PayItPlanIt to learn more. Here's Everything To Eat, ...",https://i.ytimg.com/vi/s4ffxpGaQdE/default.jpg
2018-02-11T20:00:29.000Z,25 Mac 'N' Cheese Recipes,Reserve the One Top: http://bit.ly/2v0iast Check us out on Facebook! - facebook.com/buzzfeedtasty Credits: https://www.buzzfeed.com/bfmp/videos/47238 ...,https://i.ytimg.com/vi/LDVlaYYjf-w/default.jpg
2018-11-07T19:00:00.000Z,Sugar Cookie Cups,"Don't stress the sweet stuff — these cookie cups are not only delicious, they're easy to make, too!",https://i.ytimg.com/vi/aNGURJ63crM/default.jpg
2018-10-28T15:00:03.000Z,We Tried An Iconic California Burger In Napa,Tasty and American Express Pay It Plan It Present Friend In Town. Terms Apply. Visit AmericanExpress.com/PayItPlanIt to learn more. Follow Alexis ...,https://i.ytimg.com/vi/QhBOBHsj3a0/default.jpg
2016-05-25T20:18:14.000Z,Caulifower Nuggets,"Here is what you'll need! Servings: 12 nuggets INGREDIENTS 1 head of cauliflower, steamed 1 egg ¾ cup bread crumbs ½ teaspoon salt ¼ teaspoon pepper 1 ...",https://i.ytimg.com/vi/db8h8VuN388/default.jpg
2018-09-30T22:00:00.000Z,31 One-Pot Recipes,Shop the Tasty kitchenware collection here: http://bit.ly/2IooLS4 Check us out on Facebook! - facebook.com/buzzfeedtasty Credits: ...,https://i.ytimg.com/vi/M61viP3prdQ/default.jpg
2018-10-21T15:00:01.000Z,We Tried World-Famous Poutine In Vancouver,Tasty and American Express Pay It Plan It Present Friend In Town. Terms Apply. Visit AmericanExpress.com/PayItPlanIt to learn more. Follow Alexis on ...,https://i.ytimg.com/vi/AfRLAGqlEbg/default.jpg
2018-11-04T16:00:11.000Z,We Tried The Best Fried Chicken In San Francisco,Tasty and American Express Pay It Plan It Present Friend In Town. Terms Apply. Visit AmericanExpress.com/PayItPlanIt to learn more. Check us out on ...,https://i.ytimg.com/vi/fd1Kar5KHtw/default.jpg
2016-07-29T00:00:02.000Z,The Art Of Cookies,Drooling. MUSIC Flavour Dreams Licensed via Warner Chappell Production Music Inc. Made by BFMP www.buzzfeed.com/videoteam GET MORE BUZZFEED: ...,https://i.ytimg.com/vi/X7Fwg0vbcrM/default.jpg
2018-11-07T02:00:00.000Z,Slow Cooker Collard Greens & Ham Hock,Find all of our Thanksgiving recipes and guides here: https://tasty.co/thanksgiving Check us out on Facebook! - facebook.com/buzzfeedtasty Credits: ...,https://i.ytimg.com/vi/UxR1CmvGjus/default.jpg
2018-11-14T19:00:03.000Z,Kanchan Koya's Thanksgiving Leftover Turkey Pot Pie // Presented by Tasty & Google Home Hub,"Watch Kanchan use up her Thanksgiving leftovers with the help of Google Home's new smart display, Google Home Hub! All you have to say is ""Hey Google, ...",https://i.ytimg.com/vi/HdhQmi3-aiQ/default.jpg
2018-11-08T02:00:00.000Z,Cranberry Sauce Jello Shots,Get the recipe: https://tasty.co/recipe/cranberry-sauce-jello-shots Check us out on Facebook! - facebook.com/buzzfeedtasty Credits: ...,https://i.ytimg.com/vi/NzKlrKWaGpI/default.jpg
2018-10-07T15:00:01.000Z,We Tried A Cult-Favorite Doughnut For The First Time,Tasty and American Express Pay It Plan It Present Friend In Town. Terms Apply. Visit AmericanExpress.com/PayItPlanIt to learn more. Check us out on ...,https://i.ytimg.com/vi/5GFajQpf910/default.jpg
2017-01-06T18:00:01.000Z,Rosé Gummies,Here is what you'll need! ROSÉ AND BERRY GUMMIES Servings: 12-24 INGREDIENTS 1 cup rosé wine 1½ ounces gelatin powder ½ cup sugar Optional ...,https://i.ytimg.com/vi/G4hZLG9S9pc/default.jpg
2018-11-05T23:00:02.000Z,Your Ideal Dessert Based on Zodiac Sign,Check us out on Facebook! - facebook.com/buzzfeedtasty Credits: https://www.buzzfeed.com/bfmp/videos/68952 MUSIC SFX Provided By AudioBlocks ...,https://i.ytimg.com/vi/QQujbMaQFEI/default.jpg
2018-10-25T18:00:04.000Z,Dark Chocolate Almond Butter Cups // Presented By Incredibles 2,"Dark Chocolate Almond Butter Cups: This Halloween, enjoy these dark chocolate almond-butter cups while you watch #Incredibles2! Now on Digital & Movies ...",https://i.ytimg.com/vi/o_iycJaU6is/default.jpg
2018-11-12T02:00:02.000Z,How To Cook A Thanksgiving Meal In A Microwave,All You Have Is A Microwave? You Can Still Enjoy Your Thanksgiving Favorites Get the recipes: ...,https://i.ytimg.com/vi/yHATcbzcOxM/default.jpg
2016-11-19T17:00:00.000Z,Thanksgiving Leftovers Pockets,Here is what you'll need! THANKSGIVING LEFTOVERS POCKETS Serves: 10-12 INGREDIENTS 3 cups mashed potatoes 1 cup shredded turkey 1 cup corn 1 ...,https://i.ytimg.com/vi/8h8hdA6EpLc/default.jpg
2018-11-08T19:00:00.000Z,Thanksgiving Dinner with Claudette Zepeda-Wilkins // Presented by Tasty & Google Home Hub,"Watch chef Claudette Zepeda-Wilkins and her kids prepare Thanksgiving dinner with the help of Google Home's new smart display, the Google Home Hub!",https://i.ytimg.com/vi/--DxZjSOOz0/default.jpg
2016-08-21T23:00:01.000Z,Molten Caramel Chocolate Luge,"Because who doesn't love a gooey, chocolatey, caramely mess? MUSIC Backatcha Licensed via Warner Chappell Production Music Inc. Made by BFMP ...",https://i.ytimg.com/vi/0QdqwJJV64g/default.jpg
2018-11-15T16:00:04.000Z,8 Entrées For Garlic Lovers,Check us out on Facebook! - facebook.com/buzzfeedtasty Credits: https://www.buzzfeed.com/bfmp/videos/70593 MUSIC Licensed via Audio Network.,https://i.ytimg.com/vi/TDHbI3gqnF0/default.jpg
2018-11-15T20:00:04.000Z,Cornmeal Popovers,Cornmeal popovers will start your Thanksgiving meal off right. Watch as they deliciously rise in our @LGUSA ProBake Convection® Oven (and then watch as ...,https://i.ytimg.com/vi/iZudpKPy-7o/default.jpg
2018-11-16T02:00:00.000Z,7 Delicious Corny Recipes,Get the recipe: https://tasty.co/compilation/corny-recipes Check us out on Facebook! - facebook.com/buzzfeedtasty Credits: ...,https://i.ytimg.com/vi/KhJUm6nD3pY/default.jpg
2018-11-16T20:00:00.000Z,Festive Stuffed Acorn Squash,"Looking for an exciting, veggie-friendly main dish? Slide this stuffed acorn squash into your @LGUSA ProBake Convection® oven. #cooklikeaboss Check us out ...",https://i.ytimg.com/vi/0F3cQphGPSo/default.jpg
2016-01-22T23:05:31.000Z,Tasty,"Food that'll make you close your eyes, lean back, and whisper ""yessss."" Snack-sized videos and recipes you'll want to try.",https://yt3.ggpht.com/-oxJrRZowXmA/AAAAAAAAAAI/AAAAAAAAAAA/MKEBMQPf7hU/s88-c-k-no-mo-rj-c0xffffff/photo.jpg
2016-11-16T22:35:29.000Z,How To,,https://i.ytimg.com/vi/ci2E9tDKAZg/default.jpg
2018-09-13T16:49:58.000Z,Made By Hand : Season 1,An exclusive peek into how the world's most favorite foods are made from scratch.,https://i.ytimg.com/vi/1i_hs2-VYOU/default.jpg
2018-03-30T20:48:30.000Z,Tasty 101 : Season 2,Tutorials focused on a new skill/food to teach viewers how to be better cooks.,https://i.ytimg.com/vi/XyRZgKd5shs/default.jpg
2017-09-22T21:25:11.000Z,Tasty 101 : Season 1,,https://i.ytimg.com/vi/KLGSLCaksdY/default.jpg
2018-09-06T19:42:29.000Z,Friend In Town : Season 1,Tasty's Alexis visits friends in different cities to try the best local bites.,https://i.ytimg.com/vi/s4ffxpGaQdE/default.jpg
2018-08-03T22:04:58.000Z,Behind Tasty : Season 1,Go behind-the-scenes and follow a Tasty producer through their process of trying.,https://i.ytimg.com/vi/OknN92z42KU/default.jpg
2016-03-23T22:32:00.000Z,Appetizers,,https://i.ytimg.com/vi/iARG9TXtlFI/default.jpg
2018-03-30T20:48:30.000Z,Tasty 101 : Season 2,Tutorials focused on a new skill/food to teach viewers how to be better cooks.,https://i.ytimg.com/vi/XyRZgKd5shs/default.jpg
2018-04-16T17:04:23.000Z,Night In / Night Out : Season 1,Ned & Ariel compare home-cooked vs. restaurant meals to decide which is better.,https://i.ytimg.com/vi/6nuiH-gzmIM/default.jpg
2018-06-30T00:14:58.000Z,Tasty 101 : Season 3,Tutorials focused on a new skill/food to teach viewers how to be better cooks.,https://i.ytimg.com/vi/VvJm4pQZ04s/default.jpg
2016-03-23T22:21:53.000Z,Dinner,,https://i.ytimg.com/vi/P6vlwEZ7TQ0/default.jpg
