word,count
demure,12
i'm,11
mindful,10
You,10
 ,7
don't,7
I'm,6
watch,6
diva,5
crazy,5
cutesy,5
Verizon,4
let's,4
beddy,4
ugly,4
elegant,4
real,4
that's,4
nail,4
girls,4
looking,4
Very,3
tech,3
she's,3
it',3
She,3
look,3
beautiful,3
cute,3
morning,3
house,3
phonar,3
cozy,3
And,3
bring,2
housar,2
glibadi,2
So,2
nails,2
tomorrow,2
interview,2
simple,2
job,2
flicky,2
gonna,2
picky,2
i'll,2
tag,2
Not,2
it's,2
am,2
OMG,2
She's,2
wild,2
invested,2
walk,2
nizar,2
cute-seey,2
Mina,2
phonir,2
Willa,2
bag,2
drive,1
pay,1
Friday,1
mean,1
free,1
Chicago,1
sweet,1
giving,1
availability,1
parties,1
Hi,1
noise,1
blinker,1
Tvaz,1
treir,1
mix,1
forever,1
salon,1
cheesy,1
who's,1
hit,1
i've,1
Okay,1
guidance,1
eat,1
hygienic,1
coming,1
braces,1
episodes,1
sweet-seey,1
five,1
snack,1
Something,1
Can,1
Betty,1
watching,1
we're,1
ice-prize,1
fan,1
ice-water,1
Wavuzva,1
Netflix,1
Who,1
Hollywood,1
bed,1
lay,1
quality,1
But,1
post,1
Hotel,1
bang,1
obviously,1
yeah,1
Um,1
favorite,1
Diva's,1
skillful,1
cour él,1
cho él,1
treat,1
presentable,1
respectful,1
staff,1
partner,1
classy,1
red,1
doesn't,1
hot,1
pink,1
size,1
five-calibrate,1
bucket,1
makeup,1
green,1
cut,1
crease,1
Don't,1
clown,1
we'd,1
Thank,1
charging,1
trade,1
phón,1
reply,1
text,1
emails,1
flicky's,1
tradar,1
musty,1
crusty,1
finger,1
We,1
crunchy,1
crack,1
screar,1
typing,1
getting,1
cuts,1
See,1
The,1
balcony,1
lot,1
Angeles,1
Zillow,1
help,1
finding,1
hoús,1
Ladies,1
color,1
houses,1
bush,1
liv,1
Real,1
queir,1
murid,1
They're,1
hid,1
world,1
til,1
Divas,1
you'd,1
namir,1
little,1
Marge,1
Simpson,1
Patty,1
Selma,1
modest,1
shirt,1
only,1
cheaty,1
what's,1
chocho,1
be,1
hired,1
Here's,1
reality,1
check,1
Diva,1
times,1
